"Altitude[m]","Temperature[Kelvin]","Pressure[pascal]","Density[kg/m3]"
0,288.15,101325,1.225
50,287.825,100726,1.21913
100,287.5,100129,1.21328
150,287.175,99536,1.20746
200,286.85,98945.3,1.20165
250,286.525,98357.5,1.19587
300,286.2,97772.6,1.19011
350,285.875,97190.4,1.18436
400,285.55,96611.1,1.17864
450,285.225,96034.6,1.17295
500,284.9,95460.8,1.16727
550,284.575,94889.9,1.16161
600,284.25,94321.7,1.15598
650,283.925,93756.2,1.15036
700,283.6,93193.6,1.14477
750,283.275,92633.6,1.1392
800,282.95,92076.4,1.13364
850,282.625,91521.9,1.12811
900,282.3,90970.1,1.1226
950,281.975,90421,1.11711
1000,281.65,89874.6,1.11164
1050,281.325,89330.8,1.10619
1100,281,88789.8,1.10077
1150,280.675,88251.3,1.09536
1200,280.35,87715.6,1.08997
1250,280.025,87182.5,1.0846
1300,279.7,86651.9,1.07925
1350,279.375,86124.1,1.07393
1400,279.05,85598.8,1.06862
1450,278.725,85076.1,1.06333
1500,278.4,84556,1.05807
1550,278.075,84038.5,1.05282
1600,277.75,83523.5,1.04759
1650,277.425,83011.1,1.04239
1700,277.1,82501.3,1.0372
1750,276.775,81994,1.03203
1800,276.45,81489.2,1.02688
1850,276.125,80987,1.02176
1900,275.8,80487.2,1.01665
1950,275.475,79990,1.01156
2000,275.15,79495.2,1.00649
2050,274.825,79002.9,1.00144
2100,274.5,78513.1,0.99641
2150,274.175,78025.8,0.991399
2200,273.85,77540.9,0.986407
2250,273.525,77058.5,0.981435
2300,273.2,76578.4,0.976481
2350,272.875,76100.9,0.971547
2400,272.55,75625.7,0.966632
2450,272.225,75152.9,0.961736
2500,271.9,74682.5,0.956859
2550,271.575,74214.5,0.952001
2600,271.25,73748.9,0.947162
2650,270.925,73285.7,0.942341
2700,270.6,72824.8,0.93754
2750,270.275,72366.3,0.932757
2800,269.95,71910.1,0.927993
2850,269.625,71456.2,0.923247
2900,269.3,71004.7,0.91852
2950,268.975,70555.5,0.913812
3000,268.65,70108.5,0.909122
3050,268.325,69663.9,0.904451
3100,268,69221.6,0.899798
3150,267.675,68781.5,0.895163
3200,267.35,68343.7,0.890546
3250,267.025,67908.2,0.885948
3300,266.7,67474.9,0.881368
3350,266.375,67043.9,0.876806
3400,266.05,66615,0.872262
3450,265.725,66188.5,0.867737
3500,265.4,65764.1,0.863229
3550,265.075,65341.9,0.858739
3600,264.75,64921.9,0.854267
3650,264.425,64504.2,0.849813
3700,264.1,64088.6,0.845377
3750,263.775,63675.1,0.840958
3800,263.45,63263.9,0.836557
3850,263.125,62854.7,0.832174
3900,262.8,62447.8,0.827808
3950,262.475,62042.9,0.82346
4000,262.15,61640.2,0.819129
4050,261.825,61239.6,0.814816
4100,261.5,60841.2,0.81052
4150,261.175,60444.8,0.806242
4200,260.85,60050.5,0.801981
4250,260.525,59658.3,0.797737
4300,260.2,59268.2,0.79351
4350,259.875,58880.1,0.789301
4400,259.55,58494.2,0.785108
4450,259.225,58110.2,0.780933
4500,258.9,57728.3,0.776775
4550,258.575,57348.5,0.772633
4600,258.25,56970.6,0.768509
4650,257.925,56594.8,0.764401
4700,257.6,56221,0.76031
4750,257.275,55849.2,0.756236
4800,256.95,55479.4,0.752179
4850,256.625,55111.6,0.748138
4900,256.3,54745.7,0.744114
4950,255.975,54381.8,0.740107
5000,255.65,54019.9,0.736116
5050,255.325,53659.9,0.732141
5100,255,53301.9,0.728183
5150,254.675,52945.8,0.724242
5200,254.35,52591.7,0.720317
5250,254.025,52239.4,0.716408
5300,253.7,51889.1,0.712515
5350,253.375,51540.7,0.708638
5400,253.05,51194.2,0.704778
5450,252.725,50849.6,0.700934
5500,252.4,50506.8,0.697106
5550,252.075,50165.9,0.693294
5600,251.75,49826.9,0.689497
5650,251.425,49489.8,0.685717
5700,251.1,49154.5,0.681953
5750,250.775,48821,0.678204
5800,250.45,48489.4,0.674471
5850,250.125,48159.6,0.670754
5900,249.8,47831.6,0.667053
5950,249.475,47505.4,0.663367
6000,249.15,47181,0.659697
6050,248.825,46858.5,0.656043
6100,248.5,46537.7,0.652404
6150,248.175,46218.7,0.64878
6200,247.85,45901.4,0.645172
6250,247.525,45586,0.641579
6300,247.2,45272.3,0.638002
6350,246.875,44960.3,0.634439
6400,246.55,44650.1,0.630892
6450,246.225,44341.6,0.627361
6500,245.9,44034.8,0.623844
6550,245.575,43729.8,0.620343
6600,245.25,43426.5,0.616856
6650,244.925,43124.9,0.613385
6700,244.6,42825,0.609928
6750,244.275,42526.7,0.606487
6800,243.95,42230.2,0.60306
6850,243.625,41935.3,0.599648
6900,243.3,41642.2,0.596251
6950,242.975,41350.6,0.592869
7000,242.65,41060.7,0.589501
7050,242.325,40772.5,0.586148
7100,242,40485.9,0.58281
7150,241.675,40201,0.579486
7200,241.35,39917.6,0.576177
7250,241.025,39635.9,0.572882
7300,240.7,39355.8,0.569602
7350,240.375,39077.3,0.566336
7400,240.05,38800.4,0.563084
7450,239.725,38525.1,0.559847
7500,239.4,38251.4,0.556624
7550,239.075,37979.3,0.553415
7600,238.75,37708.7,0.55022
7650,238.425,37439.7,0.547039
7700,238.1,37172.2,0.543873
7750,237.775,36906.3,0.540721
7800,237.45,36642,0.537582
7850,237.125,36379.1,0.534458
7900,236.8,36117.8,0.531347
7950,236.475,35858.1,0.52825
8000,236.15,35599.8,0.525168
8050,235.825,35343.1,0.522098
8100,235.5,35087.8,0.519043
8150,235.175,34834,0.516001
8200,234.85,34581.8,0.512973
8250,234.525,34331,0.509959
8300,234.2,34081.7,0.506958
8350,233.875,33833.8,0.503971
8400,233.55,33587.5,0.500997
8450,233.225,33342.5,0.498037
8500,232.9,33099,0.49509
8550,232.575,32857,0.492156
8600,232.25,32616.4,0.489236
8650,231.925,32377.2,0.486329
8700,231.6,32139.5,0.483435
8750,231.275,31903.1,0.480555
8800,230.95,31668.2,0.477687
8850,230.625,31434.7,0.474833
8900,230.3,31202.6,0.471992
8950,229.975,30971.8,0.469163
9000,229.65,30742.5,0.466348
9050,229.325,30514.5,0.463546
9100,229,30287.9,0.460756
9150,228.675,30062.6,0.45798
9200,228.35,29838.7,0.455216
9250,228.025,29616.2,0.452465
9300,227.7,29395,0.449727
9350,227.375,29175.2,0.447001
9400,227.05,28956.7,0.444289
9450,226.725,28739.5,0.441588
9500,226.4,28523.6,0.438901
9550,226.075,28309.1,0.436226
9600,225.75,28095.8,0.433563
9650,225.425,27883.9,0.430913
9700,225.1,27673.2,0.428275
9750,224.775,27463.9,0.425649
9800,224.45,27255.8,0.423036
9850,224.125,27049,0.420436
9900,223.8,26843.5,0.417847
9950,223.475,26639.3,0.415271
10000,223.15,26436.3,0.412707
10050,222.825,26234.5,0.410155
10100,222.5,26034,0.407615
10150,222.175,25834.8,0.405087
10200,221.85,25636.8,0.402571
10250,221.525,25440,0.400067
10300,221.2,25244.5,0.397575
10350,220.875,25050.1,0.395095
10400,220.55,24857,0.392627
10450,220.225,24665.1,0.39017
10500,219.9,24474.4,0.387725
10550,219.575,24284.9,0.385293
10600,219.25,24096.5,0.382871
10650,218.925,23909.4,0.380462
10700,218.6,23723.4,0.378064
10750,218.275,23538.6,0.375677
10800,217.95,23355,0.373303
10850,217.625,23172.5,0.370939
10900,217.3,22991.2,0.368588
10950,216.975,22811.1,0.366247
11000,216.65,22632.1,0.363918
11050,216.65,22454.3,0.36106
11100,216.65,22278,0.358224
11150,216.65,22103,0.355411
11200,216.65,21929.4,0.35262
11250,216.65,21757.2,0.349851
11300,216.65,21586.3,0.347103
11350,216.65,21416.8,0.344377
11400,216.65,21248.6,0.341673
11450,216.65,21081.8,0.338989
11500,216.65,20916.2,0.336327
11550,216.65,20751.9,0.333686
11600,216.65,20589,0.331065
11650,216.65,20427.3,0.328465
11700,216.65,20266.8,0.325886
11750,216.65,20107.7,0.323326
11800,216.65,19949.8,0.320787
11850,216.65,19793.1,0.318268
11900,216.65,19637.6,0.315768
11950,216.65,19483.4,0.313289
12000,216.65,19330.4,0.310828
12050,216.65,19178.6,0.308387
12100,216.65,19028,0.305965
12150,216.65,18878.5,0.303562
12200,216.65,18730.3,0.301178
12250,216.65,18583.2,0.298813
12300,216.65,18437.2,0.296466
12350,216.65,18292.4,0.294138
12400,216.65,18148.8,0.291828
12450,216.65,18006.3,0.289536
12500,216.65,17864.8,0.287262
12550,216.65,17724.5,0.285006
12600,216.65,17585.4,0.282768
12650,216.65,17447.2,0.280547
12700,216.65,17310.2,0.278344
12750,216.65,17174.3,0.276158
12800,216.65,17039.4,0.273989
12850,216.65,16905.6,0.271838
12900,216.65,16772.8,0.269703
12950,216.65,16641.1,0.267585
13000,216.65,16510.4,0.265483
13050,216.65,16380.7,0.263398
13100,216.65,16252.1,0.26133
13150,216.65,16124.5,0.259277
13200,216.65,15997.8,0.257241
13250,216.65,15872.2,0.255221
13300,216.65,15747.5,0.253217
13350,216.65,15623.9,0.251228
13400,216.65,15501.2,0.249255
13450,216.65,15379.4,0.247297
13500,216.65,15258.7,0.245355
13550,216.65,15138.8,0.243428
13600,216.65,15019.9,0.241517
13650,216.65,14902,0.23962
13700,216.65,14784.9,0.237738
13750,216.65,14668.8,0.235871
13800,216.65,14553.6,0.234019
13850,216.65,14439.3,0.232181
13900,216.65,14325.9,0.230357
13950,216.65,14213.4,0.228548
14000,216.65,14101.8,0.226753
14050,216.65,13991.1,0.224973
14100,216.65,13881.2,0.223206
14150,216.65,13772.2,0.221453
14200,216.65,13664,0.219714
14250,216.65,13556.7,0.217988
14300,216.65,13450.2,0.216276
14350,216.65,13344.6,0.214578
14400,216.65,13239.8,0.212893
14450,216.65,13135.8,0.211221
14500,216.65,13032.7,0.209562
14550,216.65,12930.3,0.207916
14600,216.65,12828.8,0.206283
14650,216.65,12728,0.204663
14700,216.65,12628.1,0.203056
14750,216.65,12528.9,0.201461
14800,216.65,12430.5,0.199879
14850,216.65,12332.9,0.198309
14900,216.65,12236,0.196752
14950,216.65,12139.9,0.195207
15000,216.65,12044.6,0.193674
15050,216.65,11950,0.192153
15100,216.65,11856.1,0.190644
15150,216.65,11763,0.189146
15200,216.65,11670.6,0.187661
15250,216.65,11579,0.186187
15300,216.65,11488.1,0.184725
15350,216.65,11397.8,0.183274
15400,216.65,11308.3,0.181835
15450,216.65,11219.5,0.180407
15500,216.65,11131.4,0.17899
15550,216.65,11044,0.177584
15600,216.65,10957.2,0.17619
15650,216.65,10871.2,0.174806
15700,216.65,10785.8,0.173433
15750,216.65,10701.1,0.172071
15800,216.65,10617.1,0.17072
15850,216.65,10533.7,0.169379
15900,216.65,10451,0.168049
15950,216.65,10368.9,0.166729
16000,216.65,10287.5,0.16542
16050,216.65,10206.7,0.164121
16100,216.65,10126.5,0.162832
16150,216.65,10047,0.161553
16200,216.65,9968.08,0.160284
16250,216.65,9889.8,0.159025
16300,216.65,9812.13,0.157777
16350,216.65,9735.07,0.156538
16400,216.65,9658.61,0.155308
16450,216.65,9582.76,0.154088
16500,216.65,9507.5,0.152878
16550,216.65,9432.84,0.151678
16600,216.65,9358.76,0.150487
16650,216.65,9285.26,0.149305
16700,216.65,9212.34,0.148132
16750,216.65,9139.99,0.146969
16800,216.65,9068.21,0.145815
16850,216.65,8996.99,0.144669
16900,216.65,8926.34,0.143533
16950,216.65,8856.23,0.142406
17000,216.65,8786.68,0.141288
17050,216.65,8717.68,0.140178
17100,216.65,8649.21,0.139077
17150,216.65,8581.29,0.137985
17200,216.65,8513.89,0.136901
17250,216.65,8447.03,0.135826
17300,216.65,8380.69,0.134759
17350,216.65,8314.88,0.133701
17400,216.65,8249.58,0.132651
17450,216.65,8184.79,0.131609
17500,216.65,8120.51,0.130576
17550,216.65,8056.74,0.12955
17600,216.65,7993.46,0.128533
17650,216.65,7930.69,0.127524
17700,216.65,7868.4,0.126522
17750,216.65,7806.61,0.125528
17800,216.65,7745.3,0.124543
17850,216.65,7684.47,0.123564
17900,216.65,7624.13,0.122594
17950,216.65,7564.25,0.121631
18000,216.65,7504.84,0.120676
18050,216.65,7445.91,0.119728
18100,216.65,7387.43,0.118788
18150,216.65,7329.41,0.117855
18200,216.65,7271.85,0.11693
18250,216.65,7214.74,0.116011
18300,216.65,7158.08,0.1151
18350,216.65,7101.87,0.114196
18400,216.65,7046.09,0.113299
18450,216.65,6990.76,0.11241
18500,216.65,6935.86,0.111527
18550,216.65,6881.39,0.110651
18600,216.65,6827.34,0.109782
18650,216.65,6773.73,0.10892
18700,216.65,6720.53,0.108064
18750,216.65,6667.75,0.107216
18800,216.65,6615.39,0.106374
18850,216.65,6563.43,0.105538
18900,216.65,6511.89,0.10471
18950,216.65,6460.75,0.103887
19000,216.65,6410.01,0.103071
19050,216.65,6359.67,0.102262
19100,216.65,6309.72,0.101459
19150,216.65,6260.17,0.100662
19200,216.65,6211,0.0998714
19250,216.65,6162.23,0.0990871
19300,216.65,6113.83,0.0983089
19350,216.65,6065.82,0.0975369
19400,216.65,6018.18,0.0967709
19450,216.65,5970.92,0.0960109
19500,216.65,5924.03,0.0952569
19550,216.65,5877.5,0.0945088
19600,216.65,5831.34,0.0937666
19650,216.65,5785.55,0.0930302
19700,216.65,5740.11,0.0922996
19750,216.65,5695.03,0.0915747
19800,216.65,5650.31,0.0908555
19850,216.65,5605.93,0.090142
19900,216.65,5561.91,0.0894341
19950,216.65,5518.23,0.0887317
20000,216.65,5474.89,0.0880349
20050,216.7,5431.9,0.0873234
20100,216.75,5389.25,0.0866179
20150,216.8,5346.95,0.0859182
20200,216.85,5304.99,0.0852243
20250,216.9,5263.38,0.0845362
20300,216.95,5222.09,0.0838538
20350,217,5181.14,0.0831771
20400,217.05,5140.52,0.082506
20450,217.1,5100.23,0.0818405
20500,217.15,5060.26,0.0811804
20550,217.2,5020.62,0.0805259
20600,217.25,4981.29,0.0798768
20650,217.3,4942.29,0.079233
20700,217.35,4903.59,0.0785946
20750,217.4,4865.21,0.0779615
20800,217.45,4827.14,0.0773336
20850,217.5,4789.37,0.0767109
20900,217.55,4751.91,0.0760934
20950,217.6,4714.75,0.075481
21000,217.65,4677.89,0.0748737
21050,217.7,4641.32,0.0742713
21100,217.75,4605.05,0.073674
21150,217.8,4569.07,0.0730816
21200,217.85,4533.38,0.0724941
21250,217.9,4497.98,0.0719115
21300,217.95,4462.86,0.0713336
21350,218,4428.02,0.0707606
21400,218.05,4393.47,0.0701923
21450,218.1,4359.19,0.0696286
21500,218.15,4325.18,0.0690697
21550,218.2,4291.45,0.0685153
21600,218.25,4257.99,0.0679655
21650,218.3,4224.8,0.0674203
21700,218.35,4191.87,0.0668795
21750,218.4,4159.21,0.0663432
21800,218.45,4126.81,0.0658114
21850,218.5,4094.67,0.0652839
21900,218.55,4062.79,0.0647607
21950,218.6,4031.16,0.0642419
22000,218.65,3999.79,0.0637273
22050,218.7,3968.67,0.063217
22100,218.75,3937.79,0.0627109
22150,218.8,3907.17,0.062209
22200,218.85,3876.79,0.0617111
22250,218.9,3846.65,0.0612174
22300,218.95,3816.75,0.0607278
22350,219,3787.1,0.0602421
22400,219.05,3757.68,0.0597605
22450,219.1,3728.49,0.0592828
22500,219.15,3699.54,0.0588091
22550,219.2,3670.82,0.0583392
22600,219.25,3642.33,0.0578732
22650,219.3,3614.06,0.057411
22700,219.35,3586.03,0.0569526
22750,219.4,3558.21,0.056498
22800,219.45,3530.62,0.0560471
22850,219.5,3503.25,0.0555999
22900,219.55,3476.09,0.0551564
22950,219.6,3449.16,0.0547165
23000,219.65,3422.43,0.0542803
23050,219.7,3395.93,0.0538476
23100,219.75,3369.63,0.0534184
23150,219.8,3343.54,0.0529928
23200,219.85,3317.66,0.0525706
23250,219.9,3291.98,0.052152
23300,219.95,3266.51,0.0517367
23350,220,3241.25,0.0513248
23400,220.05,3216.18,0.0509164
23450,220.1,3191.32,0.0505112
23500,220.15,3166.65,0.0501094
23550,220.2,3142.17,0.0497108
23600,220.25,3117.9,0.0493155
23650,220.3,3093.81,0.0489235
23700,220.35,3069.92,0.0485346
23750,220.4,3046.21,0.048149
23800,220.45,3022.7,0.0477665
23850,220.5,2999.37,0.0473871
23900,220.55,2976.23,0.0470108
23950,220.6,2953.27,0.0466375
24000,220.65,2930.49,0.0462674
24050,220.7,2907.9,0.0459002
24100,220.75,2885.48,0.045536
24150,220.8,2863.24,0.0451749
24200,220.85,2841.18,0.0448166
24250,220.9,2819.29,0.0444613
24300,220.95,2797.58,0.0441089
24350,221,2776.03,0.0437593
24400,221.05,2754.66,0.0434126
24450,221.1,2733.46,0.0430687
24500,221.15,2712.42,0.0427276
24550,221.2,2691.56,0.0423893
24600,221.25,2670.85,0.0420538
24650,221.3,2650.32,0.041721
24700,221.35,2629.94,0.0413909
24750,221.4,2609.73,0.0410634
24800,221.45,2589.67,0.0407387
24850,221.5,2569.77,0.0404166
24900,221.55,2550.03,0.0400971
24950,221.6,2530.45,0.0397801
25000,221.65,2511.02,0.0394658
25050,221.7,2491.75,0.039154
25100,221.75,2472.63,0.0388448
25150,221.8,2453.65,0.0385381
25200,221.85,2434.83,0.0382338
25250,221.9,2416.16,0.0379321
25300,221.95,2397.63,0.0376327
25350,222,2379.25,0.0373358
25400,222.05,2361.02,0.0370414
25450,222.1,2342.93,0.0367493
25500,222.15,2324.98,0.0364595
25550,222.2,2307.17,0.0361721
25600,222.25,2289.51,0.0358871
25650,222.3,2271.98,0.0356044
25700,222.35,2254.59,0.0353239
25750,222.4,2237.34,0.0350457
25800,222.45,2220.22,0.0347698
25850,222.5,2203.24,0.0344961
25900,222.55,2186.39,0.0342246
25950,222.6,2169.68,0.0339553
26000,222.65,2153.09,0.0336882
26050,222.7,2136.64,0.0334233
26100,222.75,2120.32,0.0331605
26150,222.8,2104.12,0.0328998
26200,222.85,2088.05,0.0326413
26250,222.9,2072.11,0.0323848
26300,222.95,2056.29,0.0321304
26350,223,2040.6,0.031878
26400,223.05,2025.03,0.0316277
26450,223.1,2009.58,0.0313794
26500,223.15,1994.26,0.0311331
26550,223.2,1979.05,0.0308888
26600,223.25,1963.97,0.0306465
26650,223.3,1949,0.0304061
26700,223.35,1934.15,0.0301677
26750,223.4,1919.41,0.0299312
26800,223.45,1904.8,0.0296966
26850,223.5,1890.29,0.0294638
26900,223.55,1875.9,0.029233
26950,223.6,1861.62,0.029004
27000,223.65,1847.46,0.0287769
27050,223.7,1833.4,0.0285516
27100,223.75,1819.46,0.0283281
27150,223.8,1805.62,0.0281064
27200,223.85,1791.89,0.0278865
27250,223.9,1778.27,0.0276683
27300,223.95,1764.76,0.0274519
27350,224,1751.35,0.0272373
27400,224.05,1738.05,0.0270244
27450,224.1,1724.85,0.0268131
27500,224.15,1711.75,0.0266036
27550,224.2,1698.76,0.0263958
27600,224.25,1685.87,0.0261896
27650,224.3,1673.08,0.0259851
27700,224.35,1660.39,0.0257823
27750,224.4,1647.79,0.025581
27800,224.45,1635.3,0.0253814
27850,224.5,1622.9,0.0251834
27900,224.55,1610.6,0.024987
27950,224.6,1598.4,0.0247921
28000,224.65,1586.29,0.0245988
28050,224.7,1574.28,0.0244071
28100,224.75,1562.35,0.0242169
28150,224.8,1550.53,0.0240282
28200,224.85,1538.79,0.023841
28250,224.9,1527.15,0.0236553
28300,224.95,1515.59,0.0234712
28350,225,1504.13,0.0232884
28400,225.05,1492.75,0.0231072
28450,225.1,1481.47,0.0229274
28500,225.15,1470.27,0.022749
28550,225.2,1459.16,0.0225721
28600,225.25,1448.13,0.0223966
28650,225.3,1437.19,0.0222225
28700,225.35,1426.34,0.0220498
28750,225.4,1415.57,0.0218784
28800,225.45,1404.89,0.0217084
28850,225.5,1394.28,0.0215398
28900,225.55,1383.76,0.0213726
28950,225.6,1373.32,0.0212066
29000,225.65,1362.96,0.021042
29050,225.7,1352.69,0.0208787
29100,225.75,1342.49,0.0207167
29150,225.8,1332.37,0.020556
29200,225.85,1322.33,0.0203966
29250,225.9,1312.37,0.0202385
29300,225.95,1302.48,0.0200816
29350,226,1292.68,0.0199259
29400,226.05,1282.94,0.0197716
29450,226.1,1273.29,0.0196184
29500,226.15,1263.7,0.0194664
29550,226.2,1254.2,0.0193157
29600,226.25,1244.76,0.0191662
29650,226.3,1235.4,0.0190178
29700,226.35,1226.11,0.0188707
29750,226.4,1216.89,0.0187247
29800,226.45,1207.75,0.0185798
29850,226.5,1198.67,0.0184362
29900,226.55,1189.67,0.0182936
29950,226.6,1180.73,0.0181522
30000,226.65,1171.87,0.0180119
30050,226.7,1163.07,0.0178728
30100,226.75,1154.34,0.0177347
30150,226.8,1145.68,0.0175978
30200,226.85,1137.08,0.0174619
30250,226.9,1128.55,0.0173271
30300,226.95,1120.09,0.0171934
30350,227,1111.69,0.0170607
30400,227.05,1103.36,0.0169291
30450,227.1,1095.09,0.0167985
30500,227.15,1086.88,0.016669
30550,227.2,1078.74,0.0165405
30600,227.25,1070.66,0.016413
30650,227.3,1062.65,0.0162865
30700,227.35,1054.69,0.016161
30750,227.4,1046.8,0.0160365
30800,227.45,1038.97,0.015913
30850,227.5,1031.19,0.0157905
30900,227.55,1023.48,0.015669
30950,227.6,1015.83,0.0155484
31000,227.65,1008.23,0.0154288
31050,227.7,1000.7,0.0153101
31100,227.75,993.218,0.0151923
31150,227.8,985.797,0.0150755
31200,227.85,978.434,0.0149596
31250,227.9,971.127,0.0148446
31300,227.95,963.876,0.0147306
31350,228,956.681,0.0146174
31400,228.05,949.541,0.0145051
31450,228.1,942.456,0.0143937
31500,228.15,935.425,0.0142832
31550,228.2,928.449,0.0141736
31600,228.25,921.526,0.0140648
31650,228.3,914.656,0.0139569
31700,228.35,907.838,0.0138499
31750,228.4,901.073,0.0137437
31800,228.45,894.36,0.0136383
31850,228.5,887.699,0.0135337
31900,228.55,881.088,0.01343
31950,228.6,874.528,0.0133271
32000,228.65,868.019,0.013225
32050,228.79,861.56,0.0131186
32100,228.93,855.154,0.0130131
32150,229.07,848.799,0.0129085
32200,229.21,842.495,0.0128048
32250,229.35,836.241,0.012702
32300,229.49,830.038,0.0126001
32350,229.63,823.885,0.012499
32400,229.77,817.781,0.0123989
32450,229.91,811.725,0.0122996
32500,230.05,805.719,0.0122011
32550,230.19,799.76,0.0121035
32600,230.33,793.849,0.0120068
32650,230.47,787.985,0.0119108
32700,230.61,782.168,0.0118157
32750,230.75,776.398,0.0117214
32800,230.89,770.674,0.011628
32850,231.03,764.995,0.0115353
32900,231.17,759.361,0.0114434
32950,231.31,753.772,0.0113523
33000,231.45,748.228,0.011262
33050,231.59,742.728,0.0111724
33100,231.73,737.272,0.0110837
33150,231.87,731.859,0.0109956
33200,232.01,726.489,0.0109084
33250,232.15,721.161,0.0108219
33300,232.29,715.876,0.0107361
33350,232.43,710.632,0.010651
33400,232.57,705.431,0.0105667
33450,232.71,700.27,0.0104831
33500,232.85,695.15,0.0104002
33550,232.99,690.071,0.010318
33600,233.13,685.032,0.0102365
33650,233.27,680.032,0.0101557
33700,233.41,675.072,0.0100756
33750,233.55,670.151,0.00999611
33800,233.69,665.269,0.00991734
33850,233.83,660.426,0.00983924
33900,233.97,655.62,0.00976181
33950,234.11,650.852,0.00968502
34000,234.25,646.122,0.00960889
34050,234.39,641.429,0.0095334
34100,234.53,636.773,0.00945855
34150,234.67,632.153,0.00938432
34200,234.81,627.57,0.00931073
34250,234.95,623.023,0.00923776
34300,235.09,618.511,0.0091654
34350,235.23,614.034,0.00909365
34400,235.37,609.593,0.0090225
34450,235.51,605.186,0.00895195
34500,235.65,600.814,0.008882
34550,235.79,596.476,0.00881263
34600,235.93,592.172,0.00874385
34650,236.07,587.901,0.00867564
34700,236.21,583.664,0.008608
34750,236.35,579.459,0.00854094
34800,236.49,575.288,0.00847443
34850,236.63,571.149,0.00840848
34900,236.77,567.042,0.00834308
34950,236.91,562.967,0.00827823
35000,237.05,558.924,0.00821392
35050,237.19,554.912,0.00815015
35100,237.33,550.931,0.00808691
35150,237.47,546.981,0.0080242
35200,237.61,543.062,0.00796201
35250,237.75,539.173,0.00790034
35300,237.89,535.314,0.00783918
35350,238.03,531.485,0.00777853
35400,238.17,527.686,0.00771839
35450,238.31,523.916,0.00765874
35500,238.45,520.175,0.00759959
35550,238.59,516.463,0.00754094
35600,238.73,512.78,0.00748277
35650,238.87,509.125,0.00742508
35700,239.01,505.498,0.00736787
35750,239.15,501.9,0.00731113
35800,239.29,498.329,0.00725486
35850,239.43,494.785,0.00719906
35900,239.57,491.269,0.00714372
35950,239.71,487.779,0.00708884
36000,239.85,484.317,0.00703441
36050,239.99,480.881,0.00698043
36100,240.13,477.471,0.0069269
36150,240.27,474.088,0.00687381
36200,240.41,470.73,0.00682115
36250,240.55,467.398,0.00676893
36300,240.69,464.092,0.00671714
36350,240.83,460.811,0.00666577
36400,240.97,457.555,0.00661483
36450,241.11,454.324,0.0065643
36500,241.25,451.118,0.00651419
36550,241.39,447.936,0.00646449
36600,241.53,444.778,0.0064152
36650,241.67,441.645,0.00636632
36700,241.81,438.535,0.00631783
36750,241.95,435.449,0.00626974
36800,242.09,432.386,0.00622205
36850,242.23,429.347,0.00617474
36900,242.37,426.331,0.00612782
36950,242.51,423.338,0.00608128
37000,242.65,420.367,0.00603513
37050,242.79,417.419,0.00598935
37100,242.93,414.494,0.00594394
37150,243.07,411.59,0.00589891
37200,243.21,408.709,0.00585424
37250,243.35,405.849,0.00580993
37300,243.49,403.011,0.00576599
37350,243.63,400.194,0.0057224
37400,243.77,397.399,0.00567917
37450,243.91,394.625,0.00563629
37500,244.05,391.872,0.00559375
37550,244.19,389.139,0.00555156
37600,244.33,386.427,0.00550972
37650,244.47,383.736,0.00546821
37700,244.61,381.065,0.00542704
37750,244.75,378.414,0.0053862
37800,244.89,375.783,0.00534569
37850,245.03,373.172,0.00530551
37900,245.17,370.58,0.00526566
37950,245.31,368.008,0.00522612
38000,245.45,365.455,0.00518691
38050,245.59,362.921,0.00514801
38100,245.73,360.406,0.00510943
38150,245.87,357.91,0.00507115
38200,246.01,355.433,0.00503319
38250,246.15,352.974,0.00499553
38300,246.29,350.534,0.00495817
38350,246.43,348.112,0.00492112
38400,246.57,345.708,0.00488436
38450,246.71,343.322,0.00484789
38500,246.85,340.954,0.00481172
38550,246.99,338.603,0.00477584
38600,247.13,336.27,0.00474025
38650,247.27,333.955,0.00470494
38700,247.41,331.656,0.00466992
38750,247.55,329.375,0.00463517
38800,247.69,327.111,0.00460071
38850,247.83,324.863,0.00456651
38900,247.97,322.632,0.0045326
38950,248.11,320.418,0.00449895
39000,248.25,318.22,0.00446557
39050,248.39,316.039,0.00443246
39100,248.53,313.874,0.00439961
39150,248.67,311.724,0.00436702
39200,248.81,309.591,0.0043347
39250,248.95,307.473,0.00430263
39300,249.09,305.372,0.00427081
39350,249.23,303.285,0.00423925
39400,249.37,301.214,0.00420794
39450,249.51,299.159,0.00417688
39500,249.65,297.118,0.00414606
39550,249.79,295.093,0.00411549
39600,249.93,293.082,0.00408516
39650,250.07,291.086,0.00405507
39700,250.21,289.105,0.00402522
39750,250.35,287.139,0.00399561
39800,250.49,285.187,0.00396623
39850,250.63,283.249,0.00393708
39900,250.77,281.326,0.00390816
39950,250.91,279.417,0.00387947
40000,251.05,277.522,0.00385101
40050,251.19,275.64,0.00382277
40100,251.33,273.773,0.00379476
40150,251.47,271.919,0.00376696
40200,251.61,270.079,0.00373939
40250,251.75,268.252,0.00371203
40300,251.89,266.438,0.00368488
40350,252.03,264.638,0.00365795
40400,252.17,262.851,0.00363123
40450,252.31,261.077,0.00360473
40500,252.45,259.316,0.00357842
40550,252.59,257.568,0.00355233
40600,252.73,255.832,0.00352644
40650,252.87,254.109,0.00350075
40700,253.01,252.399,0.00347527
40750,253.15,250.701,0.00344998
40800,253.29,249.016,0.00342489
40850,253.43,247.343,0.0034
40900,253.57,245.682,0.0033753
40950,253.71,244.033,0.0033508
41000,253.85,242.395,0.00332648
41050,253.99,240.77,0.00330236
41100,254.13,239.157,0.00327842
41150,254.27,237.555,0.00325468
41200,254.41,235.965,0.00323111
41250,254.55,234.387,0.00320773
41300,254.69,232.819,0.00318453
41350,254.83,231.264,0.00316151
41400,254.97,229.719,0.00313867
41450,255.11,228.186,0.00311601
41500,255.25,226.663,0.00309352
41550,255.39,225.152,0.00307121
41600,255.53,223.651,0.00304907
41650,255.67,222.162,0.00302711
41700,255.81,220.683,0.00300531
41750,255.95,219.214,0.00298368
41800,256.09,217.757,0.00296222
41850,256.23,216.31,0.00294092
41900,256.37,214.873,0.00291979
41950,256.51,213.446,0.00289883
42000,256.65,212.03,0.00287802
42050,256.79,210.624,0.00285738
42100,256.93,209.228,0.00283689
42150,257.07,207.842,0.00281656
42200,257.21,206.466,0.00279639
42250,257.35,205.099,0.00277638
42300,257.49,203.743,0.00275651
42350,257.63,202.396,0.0027368
42400,257.77,201.059,0.00271725
42450,257.91,199.731,0.00269784
42500,258.05,198.413,0.00267858
42550,258.19,197.105,0.00265947
42600,258.33,195.805,0.00264051
42650,258.47,194.515,0.00262169
42700,258.61,193.234,0.00260302
42750,258.75,191.962,0.00258448
42800,258.89,190.7,0.00256609
42850,259.03,189.446,0.00254785
42900,259.17,188.201,0.00252974
42950,259.31,186.965,0.00251177
43000,259.45,185.738,0.00249393
43050,259.59,184.519,0.00247624
43100,259.73,183.309,0.00245867
43150,259.87,182.108,0.00244124
43200,260.01,180.915,0.00242395
43250,260.15,179.731,0.00240679
43300,260.29,178.555,0.00238975
43350,260.43,177.387,0.00237285
43400,260.57,176.228,0.00235607
43450,260.71,175.077,0.00233943
43500,260.85,173.934,0.00232291
43550,260.99,172.799,0.00230651
43600,261.13,171.672,0.00229024
43650,261.27,170.553,0.00227409
43700,261.41,169.442,0.00225807
43750,261.55,168.339,0.00224216
43800,261.69,167.243,0.00222638
43850,261.83,166.155,0.00221071
43900,261.97,165.075,0.00219517
43950,262.11,164.002,0.00217974
44000,262.25,162.937,0.00216443
44050,262.39,161.88,0.00214923
44100,262.53,160.83,0.00213415
44150,262.67,159.787,0.00211919
44200,262.81,158.751,0.00210433
44250,262.95,157.723,0.00208959
44300,263.09,156.702,0.00207496
44350,263.23,155.688,0.00206044
44400,263.37,154.682,0.00204602
44450,263.51,153.682,0.00203172
44500,263.65,152.689,0.00201752
44550,263.79,151.703,0.00200343
44600,263.93,150.724,0.00198945
44650,264.07,149.752,0.00197557
44700,264.21,148.787,0.0019618
44750,264.35,147.829,0.00194813
44800,264.49,146.877,0.00193456
44850,264.63,145.931,0.00192109
44900,264.77,144.993,0.00190772
44950,264.91,144.061,0.00189446
45000,265.05,143.135,0.00188129
45050,265.19,142.216,0.00186822
45100,265.33,141.303,0.00185525
45150,265.47,140.396,0.00184237
45200,265.61,139.496,0.0018296
45250,265.75,138.602,0.00181691
45300,265.89,137.714,0.00180432
45350,266.03,136.832,0.00179183
45400,266.17,135.957,0.00177943
45450,266.31,135.087,0.00176712
45500,266.45,134.224,0.0017549
45550,266.59,133.366,0.00174277
45600,266.73,132.515,0.00173074
45650,266.87,131.669,0.00171879
45700,267.01,130.829,0.00170693
45750,267.15,129.995,0.00169516
45800,267.29,129.167,0.00168348
45850,267.43,128.344,0.00167188
45900,267.57,127.527,0.00166037
45950,267.71,126.716,0.00164894
46000,267.85,125.91,0.0016376
46050,267.99,125.11,0.00162634
46100,268.13,124.315,0.00161517
46150,268.27,123.526,0.00160408
46200,268.41,122.742,0.00159307
46250,268.55,121.964,0.00158214
46300,268.69,121.191,0.00157129
46350,268.83,120.423,0.00156052
46400,268.97,119.66,0.00154983
46450,269.11,118.903,0.00153922
46500,269.25,118.151,0.00152869
46550,269.39,117.404,0.00151824
46600,269.53,116.662,0.00150786
46650,269.67,115.925,0.00149756
46700,269.81,115.193,0.00148733
46750,269.95,114.467,0.00147718
46800,270.09,113.745,0.0014671
46850,270.23,113.028,0.0014571
46900,270.37,112.316,0.00144717
46950,270.51,111.609,0.00143732
47000,270.65,110.906,0.00142753
47050,270.65,110.209,0.00141855
47100,270.65,109.515,0.00140963
47150,270.65,108.826,0.00140076
47200,270.65,108.141,0.00139195
47250,270.65,107.461,0.00138319
47300,270.65,106.785,0.00137449
47350,270.65,106.113,0.00136584
47400,270.65,105.446,0.00135725
47450,270.65,104.782,0.00134871
47500,270.65,104.123,0.00134022
47550,270.65,103.468,0.00133179
47600,270.65,102.817,0.00132341
47650,270.65,102.17,0.00131508
47700,270.65,101.527,0.00130681
47750,270.65,100.888,0.00129859
47800,270.65,100.254,0.00129042
47850,270.65,99.623,0.0012823
47900,270.65,98.9962,0.00127423
47950,270.65,98.3734,0.00126622
48000,270.65,97.7545,0.00125825
48050,270.65,97.1395,0.00125033
48100,270.65,96.5283,0.00124247
48150,270.65,95.921,0.00123465
48200,270.65,95.3176,0.00122688
48250,270.65,94.7179,0.00121916
48300,270.65,94.122,0.00121149
48350,270.65,93.5298,0.00120387
48400,270.65,92.9414,0.0011963
48450,270.65,92.3566,0.00118877
48500,270.65,91.7756,0.00118129
48550,270.65,91.1982,0.00117386
48600,270.65,90.6244,0.00116647
48650,270.65,90.0542,0.00115914
48700,270.65,89.4877,0.00115184
48750,270.65,88.9247,0.0011446
48800,270.65,88.3652,0.00113739
48850,270.65,87.8092,0.00113024
48900,270.65,87.2568,0.00112313
48950,270.65,86.7078,0.00111606
49000,270.65,86.1623,0.00110904
49050,270.65,85.6202,0.00110206
49100,270.65,85.0815,0.00109513
49150,270.65,84.5463,0.00108824
49200,270.65,84.0143,0.00108139
49250,270.65,83.4858,0.00107459
49300,270.65,82.9605,0.00106783
49350,270.65,82.4386,0.00106111
49400,270.65,81.9199,0.00105443
49450,270.65,81.4045,0.0010478
49500,270.65,80.8924,0.00104121
49550,270.65,80.3834,0.00103466
49600,270.65,79.8777,0.00102815
49650,270.65,79.3752,0.00102168
49700,270.65,78.8758,0.00101525
49750,270.65,78.3795,0.00100886
49800,270.65,77.8864,0.00100252
49850,270.65,77.3964,0.00099621
49900,270.65,76.9095,0.000989942
49950,270.65,76.4256,0.000983714
50000,270.65,75.9448,0.000977525
50050,270.65,75.467,0.000971375
50100,270.65,74.9922,0.000965264
50150,270.65,74.5204,0.000959191
50200,270.65,74.0515,0.000953156
50250,270.65,73.5856,0.000947159
50300,270.65,73.1227,0.0009412
50350,270.65,72.6626,0.000935279
50400,270.65,72.2055,0.000929395
50450,270.65,71.7512,0.000923547
50500,270.65,71.2998,0.000917737
50550,270.65,70.8512,0.000911963
50600,270.65,70.4054,0.000906225
50650,270.65,69.9625,0.000900524
50700,270.65,69.5223,0.000894858
50750,270.65,69.0849,0.000889228
50800,270.65,68.6503,0.000883634
50850,270.65,68.2184,0.000878075
50900,270.65,67.7892,0.00087255
50950,270.65,67.3627,0.000867061
51000,270.65,66.9389,0.000861606
51050,270.51,66.5176,0.000856626
51100,270.37,66.0988,0.000851674
51150,270.23,65.6824,0.000846747
51200,270.09,65.2684,0.000841846
51250,269.95,64.8568,0.000836971
51300,269.81,64.4476,0.000832122
51350,269.67,64.0408,0.000827298
51400,269.53,63.6363,0.0008225
51450,269.39,63.2342,0.000817728
51500,269.25,62.8344,0.00081298
51550,269.11,62.4369,0.000808258
51600,268.97,62.0418,0.00080356
51650,268.83,61.6489,0.000798888
51700,268.69,61.2583,0.00079424
51750,268.55,60.87,0.000789617
51800,268.41,60.484,0.000785018
51850,268.27,60.1002,0.000780444
51900,268.13,59.7186,0.000775894
51950,267.99,59.3393,0.000771368
52000,267.85,58.9622,0.000766867
52050,267.71,58.5872,0.000762389
52100,267.57,58.2145,0.000757935
52150,267.43,57.844,0.000753505
52200,267.29,57.4756,0.000749098
52250,267.15,57.1093,0.000744715
52300,267.01,56.7453,0.000740355
52350,266.87,56.3833,0.000736019
52400,266.73,56.0235,0.000731705
52450,266.59,55.6657,0.000727415
52500,266.45,55.3101,0.000723147
52550,266.31,54.9566,0.000718903
52600,266.17,54.6051,0.000714681
52650,266.03,54.2557,0.000710482
52700,265.89,53.9084,0.000706305
52750,265.75,53.563,0.00070215
52800,265.61,53.2198,0.000698018
52850,265.47,52.8785,0.000693908
52900,265.33,52.5393,0.00068982
52950,265.19,52.202,0.000685754
53000,265.05,51.8668,0.00068171
53050,264.91,51.5335,0.000677687
53100,264.77,51.2022,0.000673687
53150,264.63,50.8728,0.000669707
53200,264.49,50.5454,0.000665749
53250,264.35,50.22,0.000661813
53300,264.21,49.8964,0.000657897
53350,264.07,49.5748,0.000654003
53400,263.93,49.2551,0.00065013
53450,263.79,48.9372,0.000646278
53500,263.65,48.6213,0.000642446
53550,263.51,48.3072,0.000638635
53600,263.37,47.995,0.000634845
53650,263.23,47.6846,0.000631075
53700,263.09,47.3761,0.000627326
53750,262.95,47.0694,0.000623597
53800,262.81,46.7646,0.000619888
53850,262.67,46.4615,0.000616199
53900,262.53,46.1603,0.00061253
53950,262.39,45.8608,0.000608881
54000,262.25,45.5632,0.000605252
54050,262.11,45.2673,0.000601643
54100,261.97,44.9731,0.000598053
54150,261.83,44.6808,0.000594483
54200,261.69,44.3902,0.000590932
54250,261.55,44.1013,0.000587401
54300,261.41,43.8141,0.000583888
54350,261.27,43.5287,0.000580395
54400,261.13,43.2449,0.000576921
54450,260.99,42.9629,0.000573466
54500,260.85,42.6826,0.00057003
54550,260.71,42.4039,0.000566612
54600,260.57,42.1269,0.000563214
54650,260.43,41.8516,0.000559833
54700,260.29,41.5779,0.000556472
54750,260.15,41.3058,0.000553128
54800,260.01,41.0354,0.000549803
54850,259.87,40.7667,0.000546496
54900,259.73,40.4995,0.000543208
54950,259.59,40.234,0.000539937
55000,259.45,39.97,0.000536684
55050,259.31,39.7077,0.000533449
55100,259.17,39.4469,0.000530232
55150,259.03,39.1877,0.000527033
55200,258.89,38.93,0.000523851
55250,258.75,38.6739,0.000520686
55300,258.61,38.4194,0.000517539
55350,258.47,38.1664,0.00051441
55400,258.33,37.9149,0.000511298
55450,258.19,37.665,0.000508202
55500,258.05,37.4166,0.000505124
55550,257.91,37.1696,0.000502063
55600,257.77,36.9242,0.000499019
55650,257.63,36.6803,0.000495991
55700,257.49,36.4378,0.000492981
55750,257.35,36.1968,0.000489987
55800,257.21,35.9573,0.000487009
55850,257.07,35.7192,0.000484048
55900,256.93,35.4826,0.000481104
55950,256.79,35.2474,0.000478175
56000,256.65,35.0137,0.000475263
56050,256.51,34.7813,0.000472368
56100,256.37,34.5504,0.000469488
56150,256.23,34.3209,0.000466624
56200,256.09,34.0928,0.000463776
56250,255.95,33.8661,0.000460944
56300,255.81,33.6408,0.000458128
56350,255.67,33.4168,0.000455327
56400,255.53,33.1943,0.000452542
56450,255.39,32.973,0.000449773
56500,255.25,32.7532,0.000447019
56550,255.11,32.5347,0.00044428
56600,254.97,32.3175,0.000441557
56650,254.83,32.1016,0.000438849
56700,254.69,31.8871,0.000436156
56750,254.55,31.6739,0.000433478
56800,254.41,31.462,0.000430815
56850,254.27,31.2514,0.000428167
56900,254.13,31.0421,0.000425534
56950,253.99,30.8341,0.000422915
57000,253.85,30.6274,0.000420311
57050,253.71,30.4219,0.000417722
57100,253.57,30.2178,0.000415147
57150,253.43,30.0148,0.000412587
57200,253.29,29.8131,0.000410041
57250,253.15,29.6127,0.00040751
57300,253.01,29.4135,0.000404993
57350,252.87,29.2155,0.00040249
57400,252.73,29.0188,0.000400001
57450,252.59,28.8233,0.000397526
57500,252.45,28.629,0.000395065
57550,252.31,28.4358,0.000392618
57600,252.17,28.2439,0.000390184
57650,252.03,28.0532,0.000387765
57700,251.89,27.8637,0.000385359
57750,251.75,27.6753,0.000382967
57800,251.61,27.4881,0.000380588
57850,251.47,27.3021,0.000378222
57900,251.33,27.1172,0.000375871
57950,251.19,26.9335,0.000373532
58000,251.05,26.7509,0.000371207
58050,250.91,26.5694,0.000368895
58100,250.77,26.3891,0.000366596
58150,250.63,26.2099,0.00036431
58200,250.49,26.0318,0.000362037
58250,250.35,25.8549,0.000359777
58300,250.21,25.679,0.000357529
58350,250.07,25.5043,0.000355295
58400,249.93,25.3306,0.000353073
58450,249.79,25.158,0.000350864
58500,249.65,24.9865,0.000348668
58550,249.51,24.8161,0.000346484
58600,249.37,24.6467,0.000344313
58650,249.23,24.4784,0.000342154
58700,249.09,24.3112,0.000340007
58750,248.95,24.145,0.000337873
58800,248.81,23.9798,0.00033575
58850,248.67,23.8157,0.00033364
58900,248.53,23.6526,0.000331542
58950,248.39,23.4906,0.000329456
59000,248.25,23.3296,0.000327382
59050,248.11,23.1695,0.00032532
59100,247.97,23.0105,0.00032327
59150,247.83,22.8525,0.000321232
59200,247.69,22.6955,0.000319205
59250,247.55,22.5395,0.00031719
59300,247.41,22.3844,0.000315186
59350,247.27,22.2304,0.000313194
59400,247.13,22.0773,0.000311214
59450,246.99,21.9252,0.000309245
59500,246.85,21.774,0.000307287
59550,246.71,21.6238,0.00030534
59600,246.57,21.4746,0.000303405
59650,246.43,21.3263,0.000301481
59700,246.29,21.1789,0.000299568
59750,246.15,21.0325,0.000297666
59800,246.01,20.887,0.000295775
59850,245.87,20.7425,0.000293896
59900,245.73,20.5988,0.000292027
59950,245.59,20.4561,0.000290168
60000,245.45,20.3143,0.000288321
60050,245.31,20.1733,0.000286484
60100,245.17,20.0333,0.000284658
60150,245.03,19.8942,0.000282843
60200,244.89,19.7559,0.000281038
60250,244.75,19.6186,0.000279243
60300,244.61,19.4821,0.000277459
60350,244.47,19.3465,0.000275686
60400,244.33,19.2117,0.000273923
60450,244.19,19.0779,0.00027217
60500,244.05,18.9448,0.000270427
60550,243.91,18.8127,0.000268694
60600,243.77,18.6813,0.000266972
60650,243.63,18.5508,0.00026526
60700,243.49,18.4212,0.000263557
60750,243.35,18.2924,0.000261865
60800,243.21,18.1644,0.000260182
60850,243.07,18.0372,0.000258509
60900,242.93,17.9109,0.000256847
60950,242.79,17.7853,0.000255193
61000,242.65,17.6606,0.00025355
61050,242.51,17.5367,0.000251916
61100,242.37,17.4136,0.000250292
61150,242.23,17.2912,0.000248677
61200,242.09,17.1697,0.000247072
61250,241.95,17.0489,0.000245477
61300,241.81,16.929,0.00024389
61350,241.67,16.8098,0.000242313
61400,241.53,16.6913,0.000240746
61450,241.39,16.5737,0.000239187
61500,241.25,16.4568,0.000237638
61550,241.11,16.3406,0.000236098
61600,240.97,16.2252,0.000234567
61650,240.83,16.1106,0.000233045
61700,240.69,15.9967,0.000231532
61750,240.55,15.8835,0.000230028
61800,240.41,15.7711,0.000228533
61850,240.27,15.6594,0.000227046
61900,240.13,15.5485,0.000225569
61950,239.99,15.4382,0.0002241
62000,239.85,15.3287,0.00022264
62050,239.71,15.2199,0.000221189
62100,239.57,15.1118,0.000219746
62150,239.43,15.0044,0.000218312
62200,239.29,14.8977,0.000216886
62250,239.15,14.7917,0.000215469
62300,239.01,14.6864,0.000214061
62350,238.87,14.5818,0.00021266
62400,238.73,14.4778,0.000211268
62450,238.59,14.3746,0.000209885
62500,238.45,14.272,0.000208509
62550,238.31,14.1701,0.000207142
62600,238.17,14.0689,0.000205783
62650,238.03,13.9683,0.000204432
62700,237.89,13.8684,0.00020309
62750,237.75,13.7691,0.000201755
62800,237.61,13.6705,0.000200428
62850,237.47,13.5726,0.000199109
62900,237.33,13.4753,0.000197798
62950,237.19,13.3786,0.000196495
63000,237.05,13.2826,0.0001952
63050,236.91,13.1872,0.000193913
63100,236.77,13.0924,0.000192633
63150,236.63,12.9983,0.000191361
63200,236.49,12.9047,0.000190097
63250,236.35,12.8118,0.00018884
63300,236.21,12.7196,0.000187591
63350,236.07,12.6279,0.000186349
63400,235.93,12.5368,0.000185115
63450,235.79,12.4463,0.000183888
63500,235.65,12.3565,0.000182669
63550,235.51,12.2672,0.000181457
63600,235.37,12.1785,0.000180253
63650,235.23,12.0904,0.000179055
63700,235.09,12.0029,0.000177865
63750,234.95,11.916,0.000176682
63800,234.81,11.8297,0.000175507
63850,234.67,11.7439,0.000174338
63900,234.53,11.6587,0.000173177
63950,234.39,11.5741,0.000172022
64000,234.25,11.49,0.000170875
64050,234.11,11.4065,0.000169735
64100,233.97,11.3235,0.000168601
64150,233.83,11.2412,0.000167474
64200,233.69,11.1593,0.000166355
64250,233.55,11.078,0.000165242
64300,233.41,10.9973,0.000164136
64350,233.27,10.917,0.000163036
64400,233.13,10.8374,0.000161944
64450,232.99,10.7582,0.000160858
64500,232.85,10.6796,0.000159778
64550,232.71,10.6015,0.000158706
64600,232.57,10.524,0.000157639
64650,232.43,10.447,0.00015658
64700,232.29,10.3704,0.000155527
64750,232.15,10.2944,0.00015448
64800,232.01,10.2189,0.00015344
64850,231.87,10.144,0.000152406
64900,231.73,10.0695,0.000151378
64950,231.59,9.99551,0.000150357
65000,231.45,9.92203,0.000149342
65050,231.31,9.84905,0.000148333
65100,231.17,9.77656,0.000147331
65150,231.03,9.70457,0.000146334
65200,230.89,9.63306,0.000145344
65250,230.75,9.56203,0.00014436
65300,230.61,9.49149,0.000143382
65350,230.47,9.42142,0.00014241
65400,230.33,9.35183,0.000141444
65450,230.19,9.28271,0.000140484
65500,230.05,9.21406,0.00013953
65550,229.91,9.14588,0.000138582
65600,229.77,9.07816,0.000137639
65650,229.63,9.0109,0.000136703
65700,229.49,8.9441,0.000135772
65750,229.35,8.87775,0.000134847
65800,229.21,8.81186,0.000133928
65850,229.07,8.74641,0.000133015
65900,228.93,8.68141,0.000132107
65950,228.79,8.61686,0.000131205
66000,228.65,8.55275,0.000130308
66050,228.51,8.48907,0.000129417
66100,228.37,8.42583,0.000128532
66150,228.23,8.36302,0.000127652
66200,228.09,8.30064,0.000126778
66250,227.95,8.23869,0.000125909
66300,227.81,8.17717,0.000125046
66350,227.67,8.11607,0.000124187
66400,227.53,8.05538,0.000123335
66450,227.39,7.99512,0.000122487
66500,227.25,7.93526,0.000121645
66550,227.11,7.87582,0.000120809
66600,226.97,7.81679,0.000119977
66650,226.83,7.75816,0.000119151
66700,226.69,7.69994,0.00011833
66750,226.55,7.64212,0.000117514
66800,226.41,7.5847,0.000116703
66850,226.27,7.52767,0.000115897
66900,226.13,7.47104,0.000115096
66950,225.99,7.4148,0.000114301
67000,225.85,7.35895,0.00011351
67050,225.71,7.30349,0.000112724
67100,225.57,7.24841,0.000111944
67150,225.43,7.19371,0.000111168
67200,225.29,7.13939,0.000110397
67250,225.15,7.08544,0.000109631
67300,225.01,7.03187,0.00010887
67350,224.87,6.97868,0.000108113
67400,224.73,6.92585,0.000107362
67450,224.59,6.87339,0.000106615
67500,224.45,6.8213,0.000105873
67550,224.31,6.76956,0.000105136
67600,224.17,6.71819,0.000104403
67650,224.03,6.66718,0.000103675
67700,223.89,6.61652,0.000102952
67750,223.75,6.56622,0.000102233
67800,223.61,6.51626,0.000101519
67850,223.47,6.46666,0.000100809
67900,223.33,6.4174,0.000100104
67950,223.19,6.36849,0.0000994031
68000,223.05,6.31992,0.0000987069
68050,222.91,6.27169,0.0000980152
68100,222.77,6.2238,0.0000973279
68150,222.63,6.17625,0.0000966449
68200,222.49,6.12902,0.0000959663
68250,222.35,6.08213,0.0000952921
68300,222.21,6.03557,0.0000946222
68350,222.07,5.98934,0.0000939566
68400,221.93,5.94343,0.0000932952
68450,221.79,5.89785,0.0000926381
68500,221.65,5.85259,0.0000919852
68550,221.51,5.80764,0.0000913366
68600,221.37,5.76302,0.000090692
68650,221.23,5.7187,0.0000900516
68700,221.09,5.6747,0.0000894154
68750,220.95,5.63102,0.0000887832
68800,220.81,5.58764,0.0000881551
68850,220.67,5.54456,0.0000875311
68900,220.53,5.5018,0.0000869111
68950,220.39,5.45933,0.000086295
69000,220.25,5.41717,0.000085683
69050,220.11,5.37531,0.0000850749
69100,219.97,5.33374,0.0000844708
69150,219.83,5.29247,0.0000838705
69200,219.69,5.25149,0.0000832742
69250,219.55,5.2108,0.0000826817
69300,219.41,5.17041,0.000082093
69350,219.27,5.1303,0.0000815082
69400,219.13,5.09047,0.0000809272
69450,218.99,5.05093,0.0000803499
69500,218.85,5.01168,0.0000797764
69550,218.71,4.9727,0.0000792067
69600,218.57,4.934,0.0000786406
69650,218.43,4.89558,0.0000780782
69700,218.29,4.85743,0.0000775195
69750,218.15,4.81956,0.0000769644
69800,218.01,4.78196,0.000076413
69850,217.87,4.74462,0.0000758651
69900,217.73,4.70756,0.0000753209
69950,217.59,4.67076,0.0000747802
70000,217.45,4.63422,0.000074243
70050,217.31,4.59795,0.0000737093
70100,217.17,4.56194,0.0000731792
70150,217.03,4.52618,0.0000726525
70200,216.89,4.49069,0.0000721293
70250,216.75,4.45545,0.0000716095
70300,216.61,4.42046,0.0000710931
70350,216.47,4.38573,0.0000705801
70400,216.33,4.35125,0.0000700705
70450,216.19,4.31701,0.0000695642
70500,216.05,4.28303,0.0000690613
70550,215.91,4.24929,0.0000685617
70600,215.77,4.21579,0.0000680654
70650,215.63,4.18254,0.0000675723
70700,215.49,4.14952,0.0000670825
70750,215.35,4.11675,0.000066596
70800,215.21,4.08422,0.0000661126
70850,215.07,4.05192,0.0000656325
70900,214.93,4.01985,0.0000651555
70950,214.79,3.98802,0.0000646817
71000,214.65,3.95642,0.000064211
71050,214.55,3.92505,0.0000637316
71100,214.45,3.89392,0.0000632556
71150,214.35,3.86302,0.0000627829
71200,214.25,3.83235,0.0000623136
71250,214.15,3.80191,0.0000618475
71300,214.05,3.7717,0.0000613847
71350,213.95,3.74171,0.0000609251
71400,213.85,3.71195,0.0000604688
71450,213.75,3.68241,0.0000600156
71500,213.65,3.6531,0.0000595657
71550,213.55,3.624,0.0000591189
71600,213.45,3.59512,0.0000586753
71650,213.35,3.56646,0.0000582348
71700,213.25,3.53801,0.0000577974
71750,213.15,3.50978,0.0000573631
71800,213.05,3.48176,0.0000569318
71850,212.95,3.45395,0.0000565036
71900,212.85,3.42634,0.0000560784
71950,212.75,3.39895,0.0000556562
72000,212.65,3.37176,0.000055237
72050,212.55,3.34478,0.0000548207
72100,212.45,3.318,0.0000544074
72150,212.35,3.29143,0.000053997
72200,212.25,3.26505,0.0000535895
72250,212.15,3.23887,0.000053185
72300,212.05,3.21289,0.0000527832
72350,211.95,3.18711,0.0000523843
72400,211.85,3.16152,0.0000519883
72450,211.75,3.13612,0.000051595
72500,211.65,3.11092,0.0000512046
72550,211.55,3.08591,0.0000508169
72600,211.45,3.06109,0.000050432
72650,211.35,3.03645,0.0000500498
72700,211.25,3.012,0.0000496703
72750,211.15,2.98774,0.0000492936
72800,211.05,2.96366,0.0000489195
72850,210.95,2.93977,0.000048548
72900,210.85,2.91605,0.0000481793
72950,210.75,2.89252,0.0000478131
73000,210.65,2.86917,0.0000474496
73050,210.55,2.84599,0.0000470886
73100,210.45,2.82299,0.0000467302
73150,210.35,2.80016,0.0000463744
73200,210.25,2.77751,0.0000460212
73250,210.15,2.75503,0.0000456704
73300,210.05,2.73272,0.0000453222
73350,209.95,2.71058,0.0000449764
73400,209.85,2.68861,0.0000446331
73450,209.75,2.66681,0.0000442923
73500,209.65,2.64518,0.000043954
73550,209.55,2.62371,0.000043618
73600,209.45,2.6024,0.0000432845
73650,209.35,2.58126,0.0000429533
73700,209.25,2.56028,0.0000426246
73750,209.15,2.53946,0.0000422982
73800,209.05,2.5188,0.0000419741
73850,208.95,2.4983,0.0000416524
73900,208.85,2.47795,0.0000413329
73950,208.75,2.45776,0.0000410158
74000,208.65,2.43773,0.000040701
74050,208.55,2.41785,0.0000403884
74100,208.45,2.39812,0.0000400781
74150,208.35,2.37854,0.00003977
74200,208.25,2.35912,0.0000394642
74250,208.15,2.33984,0.0000391605
74300,208.05,2.32071,0.000038859
74350,207.95,2.30173,0.0000385598
74400,207.85,2.2829,0.0000382626
74450,207.75,2.26421,0.0000379677
74500,207.65,2.24567,0.0000376748
74550,207.55,2.22726,0.0000373841
74600,207.45,2.209,0.0000370955
74650,207.35,2.19089,0.000036809
74700,207.25,2.17291,0.0000365245
74750,207.15,2.15507,0.0000362422
74800,207.05,2.13737,0.0000359618
74850,206.95,2.1198,0.0000356835
74900,206.85,2.10237,0.0000354072
74950,206.75,2.08508,0.000035133
75000,206.65,2.06792,0.0000348607
75050,206.55,2.05089,0.0000345904
75100,206.45,2.034,0.0000343221
75150,206.35,2.01723,0.0000340557
75200,206.25,2.0006,0.0000337912
75250,206.15,1.98409,0.0000335287
75300,206.05,1.96772,0.0000332681
75350,205.95,1.95147,0.0000330094
75400,205.85,1.93535,0.0000327526
75450,205.75,1.91935,0.0000324977
75500,205.65,1.90348,0.0000322446
75550,205.55,1.88773,0.0000319934
75600,205.45,1.8721,0.000031744
75650,205.35,1.8566,0.0000314964
75700,205.25,1.84121,0.0000312507
75750,205.15,1.82595,0.0000310067
75800,205.05,1.81081,0.0000307645
75850,204.95,1.79578,0.0000305241
75900,204.85,1.78087,0.0000302855
75950,204.75,1.76608,0.0000300486
76000,204.65,1.7514,0.0000298135
76050,204.55,1.73684,0.0000295801
76100,204.45,1.7224,0.0000293484
76150,204.35,1.70806,0.0000291184
76200,204.25,1.69384,0.0000288901
76250,204.15,1.67973,0.0000286634
76300,204.05,1.66573,0.0000284385
76350,203.95,1.65184,0.0000282152
76400,203.85,1.63806,0.0000279935
76450,203.75,1.62439,0.0000277735
76500,203.65,1.61082,0.0000275551
76550,203.55,1.59737,0.0000273383
76600,203.45,1.58401,0.0000271231
76650,203.35,1.57077,0.0000269095
76700,203.25,1.55762,0.0000266975
76750,203.15,1.54459,0.000026487
76800,203.05,1.53165,0.0000262781
76850,202.95,1.51882,0.0000260708
76900,202.85,1.50608,0.000025865
76950,202.75,1.49345,0.0000256607
77000,202.65,1.48092,0.0000254579
77050,202.55,1.46848,0.0000252566
77100,202.45,1.45615,0.0000250568
77150,202.35,1.44391,0.0000248585
77200,202.25,1.43177,0.0000246617
77250,202.15,1.41973,0.0000244663
77300,202.05,1.40778,0.0000242724
77350,201.95,1.39592,0.00002408
77400,201.85,1.38416,0.0000238889
77450,201.75,1.3725,0.0000236993
77500,201.65,1.36092,0.0000235111
77550,201.55,1.34944,0.0000233243
77600,201.45,1.33805,0.0000231389
77650,201.35,1.32675,0.0000229549
77700,201.25,1.31554,0.0000227722
77750,201.15,1.30442,0.0000225909
77800,201.05,1.29338,0.000022411
77850,200.95,1.28244,0.0000222324
77900,200.85,1.27158,0.0000220551
77950,200.75,1.26081,0.0000218792
78000,200.65,1.25012,0.0000217046
78050,200.55,1.23952,0.0000215313
78100,200.45,1.22901,0.0000213593
78150,200.35,1.21858,0.0000211886
78200,200.25,1.20823,0.0000210191
78250,200.15,1.19796,0.000020851
78300,200.05,1.18778,0.0000206841
78350,199.95,1.17768,0.0000205184
78400,199.85,1.16766,0.000020354
78450,199.75,1.15772,0.0000201908
78500,199.65,1.14786,0.0000200289
78550,199.55,1.13808,0.0000198682
78600,199.45,1.12837,0.0000197087
78650,199.35,1.11875,0.0000195504
78700,199.25,1.1092,0.0000193932
78750,199.15,1.09973,0.0000192373
78800,199.05,1.09034,0.0000190826
78850,198.95,1.08102,0.000018929
78900,198.85,1.07177,0.0000187765
78950,198.75,1.0626,0.0000186253
79000,198.65,1.05351,0.0000184751
79050,198.55,1.04449,0.0000183261
79100,198.45,1.03554,0.0000181783
79150,198.35,1.02666,0.0000180315
79200,198.25,1.01785,0.0000178859
79250,198.15,1.00912,0.0000177413
79300,198.05,1.00045,0.0000175979
79350,197.95,0.991861,0.0000174555
79400,197.85,0.983336,0.0000173143
79450,197.75,0.974881,0.0000171741
79500,197.65,0.966494,0.0000170349
79550,197.55,0.958175,0.0000168969
79600,197.45,0.949924,0.0000167598
79650,197.35,0.941739,0.0000166239
79700,197.25,0.933621,0.0000164889
79750,197.15,0.925569,0.000016355
79800,197.05,0.917582,0.0000162221
79850,196.95,0.90966,0.0000160902
79900,196.85,0.901803,0.0000159593
79950,196.75,0.89401,0.0000158294
80000,196.65,0.88628,0.0000157005
80050,196.55,0.878612,0.0000155726
80100,196.45,0.871008,0.0000154457
80150,196.35,0.863465,0.0000153198
80200,196.25,0.855984,0.0000151948
80250,196.15,0.848564,0.0000150707
80300,196.05,0.841205,0.0000149476
80350,195.95,0.833905,0.0000148255
80400,195.85,0.826666,0.0000147043
80450,195.75,0.819485,0.000014584
80500,195.65,0.812363,0.0000144647
80550,195.55,0.8053,0.0000143462
80600,195.45,0.798294,0.0000142287
80650,195.35,0.791346,0.0000141121
80700,195.25,0.784455,0.0000139964
80750,195.15,0.77762,0.0000138815
80800,195.05,0.770842,0.0000137676
80850,194.95,0.764119,0.0000136545
80900,194.85,0.757451,0.0000135423
80950,194.75,0.750838,0.000013431
81000,194.65,0.74428,0.0000133205
81050,194.55,0.737775,0.0000132109
81100,194.45,0.731324,0.0000131021
81150,194.35,0.724926,0.0000129941
81200,194.25,0.718581,0.000012887
81250,194.15,0.712288,0.0000127808
81300,194.05,0.706047,0.0000126753
81350,193.95,0.699858,0.0000125707
81400,193.85,0.69372,0.0000124668
81450,193.75,0.687632,0.0000123638
81500,193.65,0.681595,0.0000122616
81550,193.55,0.675607,0.0000121602
81600,193.45,0.66967,0.0000120595
81650,193.35,0.663781,0.0000119597
81700,193.25,0.657941,0.0000118606
81750,193.15,0.65215,0.0000117623
81800,193.05,0.646406,0.0000116647
81850,192.95,0.64071,0.0000115679
81900,192.85,0.635062,0.0000114719
81950,192.75,0.62946,0.0000113766
82000,192.65,0.623905,0.000011282
82050,192.55,0.618396,0.0000111882
82100,192.45,0.612933,0.0000110952
82150,192.35,0.607515,0.0000110028
82200,192.25,0.602143,0.0000109112
82250,192.15,0.596815,0.0000108203
82300,192.05,0.591532,0.0000107301
82350,191.95,0.586292,0.0000106406
82400,191.85,0.581097,0.0000105518
82450,191.75,0.575945,0.0000104637
82500,191.65,0.570835,0.0000103762
82550,191.55,0.565769,0.0000102895
82600,191.45,0.560745,0.0000102035
82650,191.35,0.555763,0.0000101181
82700,191.25,0.550822,0.0000100334
82750,191.15,0.545923,0.00000994936
82800,191.05,0.541065,0.00000986599
82850,190.95,0.536248,0.00000978327
82900,190.85,0.531471,0.0000097012
82950,190.75,0.526734,0.00000961977
83000,190.65,0.522037,0.00000953899
83050,190.55,0.517379,0.00000945885
83100,190.45,0.512761,0.00000937933
83150,190.35,0.508181,0.00000930045
83200,190.25,0.50364,0.00000922218
83250,190.15,0.499137,0.00000914454
83300,190.05,0.494672,0.00000906751
83350,189.95,0.490245,0.00000899108
83400,189.85,0.485855,0.00000891526
83450,189.75,0.481502,0.00000884004
83500,189.65,0.477186,0.00000876542
83550,189.55,0.472906,0.00000869139
83600,189.45,0.468662,0.00000861794
83650,189.35,0.464455,0.00000854508
83700,189.25,0.460282,0.00000847279
83750,189.15,0.456146,0.00000840108
83800,189.05,0.452044,0.00000832994
83850,188.95,0.447977,0.00000825936
83900,188.85,0.443944,0.00000818935
83950,188.75,0.439945,0.00000811989
84000,188.65,0.435981,0.00000805098
84050,188.55,0.43205,0.00000798262
84100,188.45,0.428153,0.00000791481
84150,188.35,0.424288,0.00000784754
84200,188.25,0.420457,0.0000077808
84250,188.15,0.416658,0.0000077146
84300,188.05,0.412891,0.00000764892
84350,187.95,0.409157,0.00000758377
84400,187.85,0.405454,0.00000751914
84450,187.75,0.401783,0.00000745503
84500,187.65,0.398143,0.00000739143
84550,187.55,0.394534,0.00000732834
84600,187.45,0.390956,0.00000726576
84650,187.35,0.387409,0.00000720367
84700,187.25,0.383892,0.00000714209
84750,187.15,0.380405,0.00000708099
84800,187.05,0.376948,0.00000702039
84850,186.95,0.37352,0.00000696028
84900,186.946,0.370123,0.00000689712
84950,186.946,0.366756,0.00000683438
85000,186.946,0.36342,0.00000677222
85050,186.946,0.360115,0.00000671062
85100,186.946,0.356839,0.00000664959
85150,186.946,0.353594,0.00000658911
85200,186.946,0.350378,0.00000652917
85250,186.946,0.347191,0.00000646979
85300,186.946,0.344033,0.00000641094
85350,186.946,0.340904,0.00000635263
85400,186.946,0.337803,0.00000629485
85450,186.946,0.33473,0.00000623759
85500,186.946,0.331686,0.00000618086
85550,186.946,0.328669,0.00000612464
85600,186.946,0.32568,0.00000606893
85650,186.946,0.322717,0.00000601373
85700,186.946,0.319782,0.00000595904
85750,186.946,0.316873,0.00000590484
85800,186.946,0.313991,0.00000585113
85850,186.946,0.311135,0.00000579791
85900,186.946,0.308305,0.00000574517
85950,186.946,0.305501,0.00000569292
86000,186.946,0.302723,0.00000564114