,
Time,Corrected Thrust
0.00,0.00
0.01,"4,121.96"
0.02,"4,520.30"
0.03,"5,303.99"
0.04,"5,777.72"
0.05,"6,385.10"
0.06,"6,563.84"
0.07,"6,701.86"
0.08,"6,809.96"
0.09,"6,895.19"
0.10,"6,962.54"
0.11,"7,015.65"
0.12,"7,057.26"
0.13,"7,089.47"
0.14,"7,113.93"
0.15,"7,131.97"
0.16,"7,144.64"
0.17,"7,152.80"
0.18,"7,157.17"
0.19,"7,110.86"
0.20,"7,112.79"
0.21,"7,112.02"
0.22,"7,000.85"
0.23,"6,958.56"
0.24,"6,919.37"
0.25,"6,881.04"
0.26,"6,841.74"
0.27,"6,805.25"
0.28,"6,769.61"
0.29,"6,733.17"
0.30,"6,699.31"
0.31,"6,664.71"
0.32,"6,632.57"
0.33,"6,599.75"
0.34,"6,569.27"
0.35,"6,538.17"
0.36,"6,509.30"
0.37,"6,479.85"
0.38,"6,452.54"
0.39,"6,424.68"
0.40,"6,397.59"
0.41,"6,372.50"
0.42,"6,346.90"
0.43,"6,323.25"
0.44,"6,299.08"
0.45,"6,275.61"
0.46,"6,253.98"
0.47,"6,231.84"
0.48,"6,210.36"
0.49,"6,190.61"
0.50,"6,170.37"
0.51,"6,150.73"
0.52,"6,131.68"
0.53,"6,114.26"
0.54,"6,096.33"
0.55,"6,078.95"
0.56,"6,062.10"
0.57,"6,046.77"
0.58,"6,030.93"
0.59,"6,015.58"
0.60,"6,000.71"
0.61,"5,986.30"
0.62,"5,973.30"
0.63,"5,959.77"
0.64,"5,946.67"
0.65,"5,933.98"
0.66,"5,921.69"
0.67,"5,909.79"
0.68,"5,899.20"
0.69,"5,888.04"
0.70,"5,877.24"
0.71,"5,866.78"
0.72,"5,856.66"
0.73,"5,846.87"
0.74,"5,837.40"
0.75,"5,828.23"
0.76,"5,820.24"
0.77,"5,811.65"
0.78,"5,803.34"
0.79,"5,795.30"
0.80,"5,787.52"
0.81,"5,780.00"
0.82,"5,772.72"
0.83,"5,765.68"
0.84,"5,758.87"
0.85,"5,752.29"
0.86,"5,746.77"
0.87,"5,740.59"
0.88,"5,734.63"
0.89,"5,728.85"
0.90,"5,723.27"
0.91,"5,717.88"
0.92,"5,712.66"
0.93,"5,707.61"
0.94,"5,702.73"
0.95,"5,698.01"
0.96,"5,693.44"
0.97,"5,689.03"
0.98,"5,684.76"
0.99,"5,680.63"
1.00,"5,676.63"
1.01,"5,672.77"
1.02,"5,669.03"
1.03,"5,665.42"
1.04,"5,662.72"
1.05,"5,659.33"
1.06,"5,656.04"
1.07,"5,652.86"
1.08,"5,649.79"
1.09,"5,646.81"
1.10,"5,643.93"
1.11,"5,641.14"
1.12,"5,638.45"
1.13,"5,635.84"
1.14,"5,633.31"
1.15,"5,630.86"
1.16,"5,628.49"
1.17,"5,626.20"
1.18,"5,623.98"
1.19,"5,621.83"
1.20,"5,619.74"
1.21,"5,617.73"
1.22,"5,615.77"
1.23,"5,613.88"
1.24,"5,612.04"
1.25,"5,610.26"
1.26,"5,608.54"
1.27,"5,606.87"
1.28,"5,605.24"
1.29,"5,603.67"
1.30,"5,602.15"
1.31,"5,600.67"
1.32,"5,599.23"
1.33,"5,597.84"
1.34,"5,596.49"
1.35,"5,595.18"
1.36,"5,593.90"
1.37,"5,592.66"
1.38,"5,591.46"
1.39,"5,590.29"
1.40,"5,589.16"
1.41,"5,588.06"
1.42,"5,586.98"
1.43,"5,585.94"
1.44,"5,584.93"
1.45,"5,583.94"
1.46,"5,582.98"
1.47,"5,582.05"
1.48,"5,581.14"
1.49,"5,580.25"
1.50,"5,579.39"
1.51,"5,578.55"
1.52,"5,577.73"
1.53,"5,576.93"
1.54,"5,576.15"
1.55,"5,575.39"
1.56,"5,574.65"
1.57,"5,573.92"
1.58,"5,573.22"
1.59,"5,572.53"
1.60,"5,571.85"
1.61,"5,571.20"
1.62,"5,570.55"
1.63,"5,569.92"
1.64,"5,569.31"
1.65,"5,568.70"
1.66,"5,568.11"
1.67,"5,567.54"
1.68,"5,566.97"
1.69,"5,566.42"
1.70,"5,565.87"
1.71,"5,565.34"
1.72,"5,564.82"
1.73,"5,564.31"
1.74,"5,563.80"
1.75,"5,563.31"
1.76,"5,562.83"
1.77,"5,562.35"
1.78,"5,561.88"
1.79,"5,561.42"
1.80,"5,560.97"
1.81,"5,560.53"
1.82,"5,560.09"
1.83,"5,559.66"
1.84,"5,559.23"
1.85,"5,558.81"
1.86,"5,558.40"
1.87,"5,558.00"
1.88,"5,557.60"
1.89,"5,557.20"
1.90,"5,556.81"
1.91,"5,556.43"
1.92,"5,556.05"
1.93,"5,555.67"
1.94,"5,555.30"
1.95,"5,554.94"
1.96,"5,554.57"
1.97,"5,554.22"
1.98,"5,553.86"
1.99,"5,553.51"
2.00,"5,553.17"
2.01,"5,552.82"
2.02,"5,552.48"
2.03,"5,552.15"
2.04,"5,551.81"
2.05,"5,551.48"
2.06,"5,551.16"
2.07,"5,550.83"
2.08,"5,550.51"
2.09,"5,550.19"
2.10,"5,549.87"
2.11,"5,549.56"
2.12,"5,549.25"
2.13,"5,548.94"
2.14,"5,548.63"
2.15,"5,548.32"
2.16,"5,548.02"
2.17,"5,547.72"
2.18,"5,547.42"
2.19,"5,547.12"
2.20,"5,546.82"
2.21,"5,546.53"
2.22,"5,546.23"
2.23,"5,545.94"
2.24,"5,545.65"
2.25,"5,545.36"
2.26,"5,545.07"
2.27,"5,544.79"
2.28,"5,544.50"
2.29,"5,544.22"
2.30,"5,543.94"
2.31,"5,543.65"
2.32,"5,543.37"
2.33,"5,543.09"
2.34,"5,542.81"
2.35,"5,542.53"
2.36,"5,542.26"
2.37,"5,541.98"
2.38,"5,541.70"
2.39,"5,541.43"
2.40,"5,541.16"
2.41,"5,540.88"
2.42,"5,540.61"
2.43,"5,540.34"
2.44,"5,540.07"
2.45,"5,539.79"
2.46,"5,539.52"
2.47,"5,539.25"
2.48,"5,538.98"
2.49,"5,538.72"
2.50,"5,538.45"
2.51,"5,538.18"
2.52,"5,537.91"
2.53,"5,537.64"
2.54,"5,537.38"
2.55,"5,537.11"
2.56,"5,536.84"
2.57,"5,536.58"
2.58,"5,536.31"
2.59,"5,536.05"
2.60,"5,535.78"
2.61,"5,535.52"
2.62,"5,535.25"
2.63,"5,534.99"
2.64,"5,534.72"
2.65,"5,534.46"
2.66,"5,534.20"
2.67,"5,533.93"
2.68,"5,533.67"
2.69,"5,533.41"
2.70,"5,533.14"
2.71,"5,532.88"
2.72,"5,532.62"
2.73,"5,532.35"
2.74,"5,532.09"
2.75,"5,531.83"
2.76,"5,531.57"
2.77,"5,531.30"
2.78,"5,531.04"
2.79,"5,530.78"
2.80,"5,530.52"
2.81,"5,530.26"
2.82,"5,529.99"
2.83,"5,529.73"
2.84,"5,529.47"
2.85,"5,529.21"
2.86,"5,528.94"
2.87,"5,528.68"
2.88,"5,528.42"
2.89,"5,528.16"
2.90,"5,527.90"
2.91,"5,527.63"
2.92,"5,527.37"
2.93,"5,527.11"
2.94,"5,526.85"
2.95,"5,526.59"
2.96,"5,526.32"
2.97,"5,526.06"
2.98,"5,525.80"
2.99,"5,525.54"
3.00,"5,525.27"
3.01,"5,525.01"
3.02,"5,524.75"
3.03,"5,524.48"
3.04,"5,524.22"
3.05,"5,523.96"
3.06,"5,523.70"
3.07,"5,523.43"
3.08,"5,523.17"
3.09,"5,522.91"
3.10,"5,522.64"
3.11,"5,522.38"
3.12,"5,522.12"
3.13,"5,521.85"
3.14,"5,521.59"
3.15,"5,521.32"
3.16,"5,521.06"
3.17,"5,520.80"
3.18,"5,520.53"
3.19,"5,520.27"
3.20,"5,520.00"
3.21,"5,519.74"
3.22,"5,519.47"
3.23,"5,519.21"
3.24,"5,518.94"
3.25,"5,518.68"
3.26,"5,518.41"
3.27,"5,518.15"
3.28,"5,517.88"
3.29,"5,517.62"
3.30,"5,517.35"
3.31,"5,517.08"
3.32,"5,516.82"
3.33,"5,516.55"
3.34,"5,516.29"
3.35,"5,516.02"
3.36,"5,515.75"
3.37,"5,515.49"
3.38,"5,515.22"
3.39,"5,514.95"
3.40,"5,514.68"
3.41,"5,514.42"
3.42,"5,514.15"
3.43,"5,513.88"
3.44,"5,513.61"
3.45,"5,513.35"
3.46,"5,513.08"
3.47,"5,512.81"
3.48,"5,512.54"
3.49,"5,512.27"
3.50,"5,512.00"
3.51,"5,511.74"
3.52,"5,511.47"
3.53,"5,511.20"
3.54,"5,510.93"
3.55,"5,510.66"
3.56,"5,510.39"
3.57,"5,510.12"
3.58,"5,509.85"
3.59,"5,509.58"
3.60,"5,509.31"
3.61,"5,509.04"
3.62,"5,508.77"
3.63,"5,508.50"
3.64,"5,508.23"
3.65,"5,507.95"
3.66,"5,507.68"
3.67,"5,507.41"
3.68,"5,507.14"
3.69,"5,506.87"
3.70,"5,506.60"
3.71,"5,506.32"
3.72,"5,506.05"
3.73,"5,505.78"
3.74,"5,505.51"
3.75,"5,505.23"
3.76,"5,504.96"
3.77,"5,504.69"
3.78,"5,504.41"
3.79,"5,504.14"
3.80,"5,503.87"
3.81,"5,503.59"
3.82,"5,503.32"
3.83,"5,503.04"
3.84,"5,502.77"
3.85,"5,502.50"
3.86,"5,502.22"
3.87,"5,501.95"
3.88,"5,501.67"
3.89,"5,501.40"
3.90,"5,501.12"
3.91,"5,500.85"
3.92,"5,500.57"
3.93,"5,500.29"
3.94,"5,500.02"
3.95,"5,499.74"
3.96,"5,499.47"
3.97,"5,499.19"
3.98,"5,498.91"
3.99,"5,498.63"
4.00,"5,498.36"
4.01,"5,498.08"
4.02,"5,497.80"
4.03,"5,497.53"
4.04,"5,497.25"
4.05,"5,496.97"
4.06,"5,496.69"
4.07,"5,496.41"
4.08,"5,496.13"
4.09,"5,495.86"
4.10,"5,495.58"
4.11,"5,495.30"
4.12,"5,495.02"
4.13,"5,494.74"
4.14,"5,494.46"
4.15,"5,494.18"
4.16,"5,493.90"
4.17,"5,493.62"
4.18,"5,493.34"
4.19,"5,493.06"
4.20,"5,492.78"
4.21,"5,492.50"
4.22,"5,492.22"
4.23,"5,491.94"
4.24,"5,491.65"
4.25,"5,491.37"
4.26,"5,491.09"
4.27,"5,490.81"
4.28,"5,490.53"
4.29,"5,490.24"
4.30,"5,489.96"
4.31,"5,489.68"
4.32,"5,489.40"
4.33,"5,489.11"
4.34,"5,488.83"
4.35,"5,488.55"
4.36,"5,488.26"
4.37,"5,487.98"
4.38,"5,487.70"
4.39,"5,487.41"
4.40,"5,487.13"
4.41,"5,486.84"
4.42,"5,486.56"
4.43,"5,486.27"
4.44,"5,485.99"
4.45,"5,485.70"
4.46,"5,485.42"
4.47,"5,485.13"
4.48,"5,484.85"
4.49,"5,484.56"
4.50,"5,484.28"
4.51,"5,483.99"
4.52,"5,483.70"
4.53,"5,483.42"
4.54,"5,483.13"
4.55,"5,482.84"
4.56,"5,482.55"
4.57,"5,482.27"
4.58,"5,481.98"
4.59,"5,481.69"
4.60,"5,481.40"
4.61,"5,481.12"
4.62,"5,480.83"
4.63,"5,480.54"
4.64,"5,480.25"
4.65,"5,479.96"
4.66,"5,479.67"
4.67,"5,479.38"
4.68,"5,479.09"
4.69,"5,478.80"
4.70,"5,478.51"
4.71,"5,478.22"
4.72,"5,477.93"
4.73,"5,477.64"
4.74,"5,477.35"
4.75,"5,477.06"
4.76,"5,476.77"
4.77,"5,476.48"
4.78,"5,476.19"
4.79,"5,475.90"
4.80,"5,475.61"
4.81,"5,475.31"
4.82,"5,475.02"
4.83,"5,474.73"
4.84,"5,474.44"
4.85,"5,474.15"
4.86,"5,473.85"
4.87,"5,473.56"
4.88,"5,473.27"
4.89,"5,472.97"
4.90,"5,472.68"
4.91,"5,472.39"
4.92,"5,472.09"
4.93,"5,471.80"
4.94,"5,471.50"
4.95,"5,471.21"
4.96,"5,470.91"
4.97,"5,470.62"
4.98,"5,470.32"
4.99,"5,470.03"
5.00,"5,469.73"
5.01,"5,469.44"
5.02,"5,469.14"
5.03,"5,468.85"
5.04,"5,468.55"
5.05,"5,468.25"
5.06,"5,467.96"
5.07,"5,467.66"
5.08,"5,467.36"
5.09,"5,467.07"
5.10,"5,466.77"
5.11,"5,466.47"
5.12,"5,466.17"
5.13,"5,465.88"
5.14,"5,465.58"
5.15,"5,465.28"
5.16,"5,464.98"
5.17,"5,464.68"
5.18,"5,464.38"
5.19,"5,464.08"
5.20,"5,463.78"
5.21,"5,463.49"
5.22,"5,463.19"
5.23,"5,462.89"
5.24,"5,462.59"
5.25,"5,462.29"
5.26,"5,461.98"
5.27,"5,461.68"
5.28,"5,461.38"
5.29,"5,461.08"
5.30,"5,460.78"
5.31,"5,460.48"
5.32,"5,460.18"
5.33,"5,459.88"
5.34,"5,459.57"
5.35,"5,459.27"
5.36,"5,458.97"
5.37,"5,458.67"
5.38,"5,458.36"
5.39,"5,458.06"
5.40,"5,457.76"
5.41,"5,457.46"
5.42,"5,457.15"
5.43,"5,456.85"
5.44,"5,456.54"
5.45,"5,456.24"
5.46,"5,455.94"
5.47,"5,455.63"
5.48,"5,455.33"
5.49,"5,455.02"
5.50,"5,454.72"
5.51,"5,454.41"
5.52,"5,454.11"
5.53,"5,453.80"
5.54,"5,453.49"
5.55,"5,453.19"
5.56,"5,452.88"
5.57,"5,452.58"
5.58,"5,452.27"
5.59,"5,451.96"
5.60,"5,451.65"
5.61,"5,451.35"
5.62,"5,451.04"
5.63,"5,450.73"
5.64,"5,450.42"
5.65,"5,450.12"
5.66,"5,449.81"
5.67,"5,449.50"
5.68,"5,449.19"
5.69,"5,448.88"
5.70,"5,448.57"
5.71,"5,448.26"
5.72,"5,447.95"
5.73,"5,447.64"
5.74,"5,447.33"
5.75,"5,447.02"
5.76,"5,446.71"
5.77,"5,446.40"
5.78,"5,446.09"
5.79,"5,445.78"
5.80,"5,445.47"
5.81,"5,445.16"
5.82,"5,444.85"
5.83,"5,444.54"
5.84,"5,444.23"
5.85,"5,443.91"
5.86,"5,443.60"
5.87,"5,443.29"
5.88,"5,442.98"
5.89,"5,442.66"
5.90,"5,442.35"
5.91,"5,442.04"
5.92,"5,441.72"
5.93,"5,441.41"
5.94,"5,441.10"
5.95,"5,440.78"
5.96,"5,440.47"
5.97,"5,440.15"
5.98,"5,439.84"
5.99,"5,439.52"
6.00,"5,439.21"
6.01,"5,438.89"
6.02,"5,438.58"
6.03,"5,438.26"
6.04,"5,437.95"
6.05,"5,437.63"
6.06,"5,437.31"
6.07,"5,437.00"
6.08,"5,436.68"
6.09,"5,436.36"
6.10,"5,436.05"
6.11,"5,435.73"
6.12,"5,435.41"
6.13,"5,435.09"
6.14,"5,434.78"
6.15,"5,434.46"
6.16,"5,434.14"
6.17,"5,433.82"
6.18,"5,433.50"
6.19,"5,433.18"
6.20,"5,432.86"
6.21,"5,432.54"
6.22,"5,432.22"
6.23,"5,431.90"
6.24,"5,431.58"
6.25,"5,431.26"
6.26,"5,430.94"
6.27,"5,430.62"
6.28,"5,430.30"
6.29,"5,429.98"
6.30,"5,429.66"
6.31,"5,429.34"
6.32,"5,429.02"
6.33,"5,428.70"
6.34,"5,428.37"
6.35,"5,428.05"
6.36,"5,427.73"
6.37,"5,427.41"
6.38,"5,427.08"
6.39,"5,426.76"
6.40,"5,426.44"
6.41,"5,426.11"
6.42,"5,425.79"
6.43,"5,425.47"
6.44,"5,425.14"
6.45,"5,424.82"
6.46,"5,424.49"
6.47,"5,424.17"
6.48,"5,423.84"
6.49,"5,423.52"
6.50,"5,423.19"
6.51,"5,422.87"
6.52,"5,422.54"
6.53,"5,422.21"
6.54,"5,421.89"
6.55,"5,421.56"
6.56,"5,421.23"
6.57,"5,420.91"
6.58,"5,420.58"
6.59,"5,420.25"
6.60,"5,419.93"
6.61,"5,419.60"
6.62,"5,419.27"
6.63,"5,418.94"
6.64,"5,418.61"
6.65,"5,418.29"
6.66,"5,417.96"
6.67,"5,417.63"
6.68,"5,417.30"
6.69,"5,416.97"
6.70,"5,416.64"
6.71,"5,416.31"
6.72,"5,415.98"
6.73,"5,415.65"
6.74,"5,415.32"
6.75,"5,414.22"
6.76,"5,413.90"
6.77,"5,413.58"
6.78,"5,413.26"
6.79,"5,412.94"
6.80,"5,412.62"
6.81,"5,412.30"
6.82,"5,411.98"
6.83,"5,411.66"
6.84,"5,411.34"
6.85,"5,411.01"
6.86,"5,410.69"
6.87,"5,410.37"
6.88,"5,410.04"
6.89,"5,409.72"
6.90,"5,409.39"
6.91,"5,409.06"
6.92,"5,408.74"
6.93,"5,408.41"
6.94,"5,408.08"
6.95,"5,407.75"
6.96,"5,407.43"
6.97,"5,407.10"
6.98,"5,406.77"
6.99,"5,406.44"
7.00,"5,406.11"
7.01,"5,405.78"
7.02,"5,405.45"
7.03,"5,405.11"
7.04,"5,404.78"
7.05,"5,404.45"
7.06,"5,404.12"
7.07,"5,403.78"
7.08,"5,403.45"
7.09,"5,403.12"
7.10,"5,402.78"
7.11,"5,402.45"
7.12,"5,402.11"
7.13,"5,401.78"
7.14,"5,401.44"
7.15,"5,401.11"
7.16,"5,400.77"
7.17,"5,400.43"
7.18,"5,400.10"
7.19,"5,399.76"
7.20,"5,399.42"
7.21,"5,399.09"
7.22,"5,398.75"
7.23,"5,398.41"
7.24,"5,398.07"
7.25,"5,397.73"
7.26,"5,397.39"
7.27,"5,397.05"
7.28,"5,396.71"
7.29,"5,396.37"
7.30,"5,396.03"
7.31,"5,395.69"
7.32,"5,395.35"
7.33,"5,395.01"
7.34,"5,394.67"
7.35,"5,394.32"
7.36,"5,393.98"
7.37,"5,393.64"
7.38,"5,393.30"
7.39,"5,392.95"
7.40,"5,392.61"
7.41,"5,392.27"
7.42,"5,391.92"
7.43,"5,391.58"
7.44,"5,391.23"
7.45,"5,390.89"
7.46,"5,390.54"
7.47,"5,390.20"
7.48,"5,389.85"
7.49,"5,389.51"
7.50,"5,389.16"
7.51,"5,388.82"
7.52,"5,388.47"
7.53,"5,388.12"
7.54,"5,387.77"
7.55,"5,387.43"
7.56,"5,387.08"
7.57,"5,386.73"
7.58,"5,386.38"
7.59,"5,386.04"
7.60,"5,385.69"
7.61,"5,385.34"
7.62,"5,384.99"
7.63,"5,384.64"
7.64,"5,384.29"
7.65,"5,383.94"
7.66,"5,383.59"
7.67,"5,383.24"
7.68,"5,382.89"
7.69,"5,382.54"
7.70,"5,382.19"
7.71,"5,381.84"
7.72,"5,381.48"
7.73,"5,381.13"
7.74,"5,380.78"
7.75,"5,380.43"
7.76,"5,380.08"
7.77,"5,379.72"
7.78,"5,379.37"
7.79,"5,379.02"
7.80,"5,378.66"
7.81,"5,378.31"
7.82,"5,377.95"
7.83,"5,377.60"
7.84,"5,377.25"
7.85,"5,376.89"
7.86,"5,376.54"
7.87,"5,376.18"
7.88,"5,375.83"
7.89,"5,375.47"
7.90,"5,375.11"
7.91,"5,374.76"
7.92,"5,374.40"
7.93,"5,374.04"
7.94,"5,373.69"
7.95,"5,373.33"
7.96,"5,372.97"
7.97,"5,372.62"
7.98,"5,372.26"
7.99,"5,371.90"
8.00,"5,371.54"
8.01,"5,371.18"
8.02,"5,370.82"
8.03,"5,370.46"
8.04,"5,370.11"
8.05,"5,369.75"
8.06,"5,369.39"
8.07,"5,369.03"
8.08,"5,368.67"
8.09,"5,368.31"
8.10,"5,367.94"
8.11,"5,367.58"
8.12,"5,367.22"
8.13,"5,366.86"
8.14,"5,366.50"
8.15,"5,366.14"
8.16,"5,365.78"
8.17,"5,365.41"
8.18,"5,365.05"
8.19,"5,364.69"
8.20,"5,364.32"
8.21,"5,363.96"
8.22,"5,363.60"
8.23,"5,363.23"
8.24,"5,362.87"
8.25,"5,362.50"
8.26,"5,362.14"
8.27,"5,361.78"
8.28,"5,361.41"
8.29,"5,361.04"
8.30,"5,360.68"
8.31,"5,360.31"
8.32,"5,359.95"
8.33,"5,359.58"
8.34,"5,359.21"
8.35,"5,358.85"
8.36,"5,358.48"
8.37,"5,358.11"
8.38,"5,357.75"
8.39,"5,357.38"
8.40,"5,357.01"
8.41,"5,356.64"
8.42,"5,356.27"
8.43,"5,355.91"
8.44,"5,355.54"
8.45,"5,355.17"
8.46,"5,354.80"
8.47,"5,354.43"
8.48,"5,354.06"
8.49,"5,353.69"
8.50,"5,353.32"
8.51,"5,352.95"
8.52,"5,352.58"
8.53,"5,352.21"
8.54,"5,351.83"
8.55,"5,351.46"
8.56,"5,351.09"
8.57,"5,350.72"
8.58,"5,350.35"
8.59,"5,349.97"
8.60,"5,349.60"
8.61,"5,349.23"
8.62,"5,348.86"
8.63,"5,348.48"
8.64,"5,348.11"
8.65,"5,347.73"
8.66,"5,347.36"
8.67,"5,346.99"
8.68,"5,346.61"
8.69,"5,346.24"
8.70,"5,345.86"
8.71,"5,345.48"
8.72,"5,345.11"
8.73,"5,344.73"
8.74,"5,344.36"
8.75,"5,343.98"
8.76,"5,343.60"
8.77,"5,343.23"
8.78,"5,342.85"
8.79,"5,342.47"
8.80,"5,342.09"
8.81,"5,341.72"
8.82,"5,341.34"
8.83,"5,340.96"
8.84,"5,340.58"
8.85,"5,340.20"
8.86,"5,339.82"
8.87,"5,339.44"
8.88,"5,339.06"
8.89,"5,338.68"
8.90,"5,338.30"
8.91,"5,337.92"
8.92,"5,337.54"
8.93,"5,337.16"
8.94,"5,336.78"
8.95,"5,336.40"
8.96,"5,336.02"
8.97,"5,335.64"
8.98,"5,335.25"
8.99,"5,334.87"
9.00,"5,334.49"
9.01,"5,334.11"
9.02,"5,333.72"
9.03,"5,333.34"
9.04,"5,332.96"
9.05,"5,332.57"
9.06,"5,332.19"
9.07,"5,331.80"
9.08,"5,331.42"
9.09,"5,331.03"
9.10,"5,330.65"
9.11,"5,330.26"
9.12,"5,329.88"
9.13,"5,329.49"
9.14,"5,329.11"
9.15,"5,328.72"
9.16,"5,328.33"
9.17,"5,327.95"
9.18,"5,327.56"
9.19,"5,327.17"
9.20,"5,326.78"
9.21,"5,326.40"
9.22,"5,326.01"
9.23,"5,325.62"
9.24,"5,325.23"
9.25,"5,324.84"
9.26,"5,324.45"
9.27,"5,324.06"
9.28,"5,323.67"
9.29,"5,323.28"
9.30,"5,322.89"
9.31,"5,322.50"
9.32,"5,322.11"
9.33,"5,321.72"
9.34,"5,321.33"
9.35,"5,320.94"
9.36,"5,320.55"
9.37,"5,320.15"
9.38,"5,319.76"
9.39,"5,319.37"
9.40,"5,318.98"
9.41,"5,318.58"
9.42,"5,318.19"
9.43,"5,317.80"
9.44,"5,317.40"
9.45,"5,317.01"
9.46,"5,316.62"
9.47,"5,316.22"
9.48,"5,315.83"
9.49,"5,315.43"
9.50,"5,315.04"
9.51,"5,314.64"
9.52,"5,314.24"
9.53,"5,313.85"
9.54,"5,313.45"
9.55,"5,313.06"
9.56,"5,312.66"
9.57,"5,312.26"
9.58,"5,311.86"
9.59,"5,311.47"
9.60,"5,311.07"
9.61,"5,310.67"
9.62,"5,310.27"
9.63,"5,309.87"
9.64,"5,309.47"
9.65,"5,309.07"
9.66,"5,308.68"
9.67,"5,308.28"
9.68,"5,307.88"
9.69,"5,307.48"
9.70,"5,307.07"
9.71,"5,306.67"
9.72,"5,306.27"
9.73,"5,305.87"
9.74,"5,305.47"
9.75,"5,305.07"
9.76,"5,304.67"
9.77,"5,304.26"
9.78,"5,303.86"
9.79,"5,303.46"
9.80,"5,303.06"
9.81,"5,302.65"
9.82,"5,302.25"
9.83,"5,301.84"
9.84,"5,301.44"
9.85,"5,301.04"
9.86,"5,300.63"
9.87,"5,300.23"
9.88,"5,299.82"
9.89,"5,299.41"
9.90,"5,299.01"
9.91,"5,298.60"
9.92,"5,298.20"
9.93,"5,297.79"
9.94,"5,297.38"
9.95,"5,296.98"
9.96,"5,296.57"
9.97,"5,296.16"
9.98,"5,295.75"
9.99,"5,295.34"
10.00,"5,294.94"
10.01,"5,294.53"
10.02,"5,294.12"
10.03,"5,293.71"
10.04,"5,293.30"
10.05,"5,292.89"
10.06,"5,292.48"
10.07,"5,292.07"
10.08,"5,291.66"
10.09,"5,291.25"
10.10,"5,290.84"
10.11,"5,290.43"
10.12,"5,290.01"
10.13,"5,289.60"
10.14,"5,289.19"
10.15,"5,288.78"
10.16,"5,288.36"
10.17,"5,287.95"
10.18,"5,287.54"
10.19,"5,287.12"
10.20,"5,286.71"
10.21,"5,286.30"
10.22,"5,285.88"
10.23,"5,285.47"
10.24,"5,285.05"
10.25,"5,284.64"
10.26,"5,284.22"
10.27,"5,283.81"
10.28,"5,283.39"
10.29,"5,282.97"
10.30,"5,282.56"
10.31,"5,282.14"
10.32,"5,281.72"
10.33,"5,281.31"
10.34,"5,280.89"
10.35,"5,279.70"
10.36,"5,279.29"
10.37,"5,278.89"
10.38,"5,278.48"
10.39,"5,278.07"
10.40,"5,277.67"
10.41,"5,277.26"
10.42,"5,276.85"
10.43,"5,276.44"
10.44,"5,276.03"
10.45,"5,275.62"
10.46,"5,275.21"
10.47,"5,274.79"
10.48,"5,274.38"
10.49,"5,273.97"
10.50,"5,273.55"
10.51,"5,273.14"
10.52,"5,272.73"
10.53,"5,272.31"
10.54,"5,271.89"
10.55,"5,271.48"
10.56,"5,271.06"
10.57,"5,270.64"
10.58,"5,270.23"
10.59,"5,269.81"
10.60,"5,269.39"
10.61,"5,268.97"
10.62,"5,268.55"
10.63,"5,268.13"
10.64,"5,267.71"
10.65,"5,267.29"
10.66,"5,266.87"
10.67,"5,266.44"
10.68,"5,266.02"
10.69,"5,265.60"
10.70,"5,265.18"
10.71,"5,264.75"
10.72,"5,264.33"
10.73,"5,263.90"
10.74,"5,263.48"
10.75,"5,263.05"
10.76,"5,262.63"
10.77,"5,262.20"
10.78,"5,261.77"
10.79,"5,261.35"
10.80,"5,260.92"
10.81,"5,260.49"
10.82,"5,260.06"
10.83,"5,259.64"
10.84,"5,259.21"
10.85,"5,258.78"
10.86,"5,258.35"
10.87,"5,257.92"
10.88,"5,257.49"
10.89,"5,257.06"
10.90,"5,256.63"
10.91,"5,256.20"
10.92,"5,255.76"
10.93,"5,255.33"
10.94,"5,254.90"
10.95,"5,254.47"
10.96,"5,254.03"
10.97,"5,253.60"
10.98,"5,253.17"
10.99,"5,252.73"
11.00,"5,252.30"
11.01,"5,251.86"
11.02,"5,251.43"
11.03,"5,250.99"
11.04,"5,250.56"
11.05,"5,250.12"
11.06,"5,249.68"
11.07,"5,249.25"
11.08,"5,248.81"
11.09,"5,248.37"
11.10,"5,247.93"
11.11,"5,247.50"
11.12,"5,247.06"
11.13,"5,246.62"
11.14,"5,246.18"
11.15,"5,245.74"
11.16,"5,245.30"
11.17,"5,244.86"
11.18,"5,244.42"
11.19,"5,243.98"
11.20,"5,243.54"
11.21,"5,243.10"
11.22,"5,242.65"
11.23,"5,242.21"
11.24,"5,241.77"
11.25,"5,241.33"
11.26,"5,240.88"
11.27,"5,240.44"
11.28,"5,240.00"
11.29,"5,239.55"
11.30,"5,239.11"
11.31,"5,238.66"
11.32,"5,238.22"
11.33,"5,237.77"
11.34,"5,237.33"
11.35,"5,236.88"
11.36,"5,236.44"
11.37,"5,235.99"
11.38,"5,235.54"
11.39,"5,235.10"
11.40,"5,234.65"
11.41,"5,234.20"
11.42,"5,233.75"
11.43,"5,233.31"
11.44,"5,232.86"
11.45,"5,232.41"
11.46,"5,231.96"
11.47,"5,231.51"
11.48,"5,231.06"
11.49,"5,230.61"
11.50,"5,230.16"
11.51,"5,229.71"
11.52,"5,229.26"
11.53,"5,228.81"
11.54,"5,228.35"
11.55,"5,227.90"
11.56,"5,227.45"
11.57,"5,227.00"
11.58,"5,226.54"
11.59,"5,226.09"
11.60,"5,225.64"
11.61,"5,225.18"
11.62,"5,224.73"
11.63,"5,224.28"
11.64,"5,223.82"
11.65,"5,223.37"
11.66,"5,222.91"
11.67,"5,222.45"
11.68,"5,222.00"
11.69,"5,221.54"
11.70,"5,221.09"
11.71,"5,220.63"
11.72,"5,220.17"
11.73,"5,219.71"
11.74,"5,219.26"
11.75,"5,218.80"
11.76,"5,218.34"
11.77,"5,217.88"
11.78,"5,217.42"
11.79,"5,216.96"
11.80,"5,216.50"
11.81,"5,216.04"
11.82,"5,215.58"
11.83,"5,215.12"
11.84,"5,214.66"
11.85,"5,214.20"
11.86,"5,213.74"
11.87,"5,213.28"
11.88,"5,212.81"
11.89,"5,212.35"
11.90,"5,211.89"
11.91,"5,211.43"
11.92,"5,210.96"
11.93,"5,210.50"
11.94,"5,210.03"
11.95,"5,209.57"
11.96,"5,209.11"
11.97,"5,208.64"
11.98,"5,208.18"
11.99,"5,207.71"
12.00,"5,207.24"
12.01,"5,206.78"
12.02,"5,206.31"
12.03,"5,205.85"
12.04,"5,205.38"
12.05,"5,204.91"
12.06,"5,204.44"
12.07,"5,203.97"
12.08,"5,203.51"
12.09,"5,203.04"
12.10,"5,202.57"
12.11,"5,202.10"
12.12,"5,201.63"
12.13,"5,201.16"
12.14,"5,200.69"
12.15,"5,200.22"
12.16,"5,199.75"
12.17,"5,199.28"
12.18,"5,198.81"
12.19,"5,198.33"
12.20,"5,197.86"
12.21,"5,197.39"
12.22,"5,196.92"
12.23,"5,196.44"
12.24,"5,195.97"
12.25,"5,195.50"
12.26,"5,195.02"
12.27,"5,194.55"
12.28,"5,194.07"
12.29,"5,193.60"
12.30,"5,193.12"
12.31,"5,192.65"
12.32,"5,192.17"
12.33,"5,191.70"
12.34,"5,191.22"
12.35,"5,190.74"
12.36,"5,190.27"
12.37,"5,189.79"
12.38,"5,189.31"
12.39,"5,188.83"
12.40,"5,188.35"
12.41,"5,187.88"
12.42,"5,187.40"
12.43,"5,186.92"
12.44,"5,186.44"
12.45,"5,185.96"
12.46,"5,185.48"
12.47,"5,185.00"
12.48,"5,184.52"
12.49,"5,184.03"
12.50,"5,183.55"
12.51,"5,183.07"
12.52,"5,182.59"
12.53,"5,182.11"
12.54,"5,181.62"
12.55,"5,181.14"
12.56,"5,180.66"
12.57,"5,180.17"
12.58,"5,179.69"
12.59,"5,179.20"
12.60,"5,178.72"
12.61,"5,178.23"
12.62,"5,177.75"
12.63,"5,177.26"
12.64,"5,176.78"
12.65,"5,176.29"
12.66,"5,175.80"
12.67,"5,175.32"
12.68,"5,174.83"
12.69,"5,174.34"
12.70,"5,173.85"
12.71,"5,173.36"
12.72,"5,172.88"
12.73,"5,172.39"
12.74,"5,171.90"
12.75,"5,171.41"
12.76,"5,170.92"
12.77,"5,170.43"
12.78,"5,169.94"
12.79,"5,169.45"
12.80,"5,168.96"
12.81,"5,168.46"
12.82,"5,167.97"
12.83,"5,167.48"
12.84,"5,166.99"
12.85,"5,166.49"
12.86,"5,166.00"
12.87,"5,165.51"
12.88,"5,165.01"
12.89,"5,164.52"
12.90,"5,164.02"
12.91,"5,163.53"
12.92,"5,163.03"
12.93,"5,162.54"
12.94,"5,162.04"
12.95,"5,161.55"
12.96,"5,161.05"
12.97,"5,160.55"
12.98,"5,160.06"
12.99,"5,159.56"
13.00,"5,159.06"
13.01,"5,158.56"
13.02,"5,158.06"
13.03,"5,157.56"
13.04,"5,157.07"
13.05,"5,156.57"
13.06,"5,156.07"
13.07,"5,155.57"
13.08,"5,155.07"
13.09,"5,154.56"
13.10,"5,154.06"
13.11,"5,153.56"
13.12,"5,153.06"
13.13,"5,152.56"
13.14,"5,152.06"
13.15,"5,151.55"
13.16,"5,151.05"
13.17,"5,150.55"
13.18,"5,150.04"
13.19,"5,149.54"
13.20,"5,149.03"
13.21,"5,148.53"
13.22,"5,148.02"
13.23,"5,147.52"
13.24,"5,147.01"
13.25,"5,146.51"
13.26,"5,145.22"
13.27,"5,144.73"
13.28,"5,144.23"
13.29,"5,143.74"
13.30,"5,143.24"
13.31,"5,142.75"
13.32,"5,142.25"
13.33,"5,141.75"
13.34,"5,141.25"
13.35,"5,140.75"
13.36,"5,140.25"
13.37,"5,139.75"
13.38,"5,139.25"
13.39,"5,138.75"
13.40,"5,138.25"
13.41,"5,137.75"
13.42,"5,137.24"
13.43,"5,136.74"
13.44,"5,136.23"
13.45,"5,135.73"
13.46,"5,135.22"
13.47,"5,134.72"
13.48,"5,134.21"
13.49,"5,133.70"
13.50,"5,133.19"
13.51,"5,132.68"
13.52,"5,132.17"
13.53,"5,131.66"
13.54,"5,131.15"
13.55,"5,130.64"
13.56,"5,130.13"
13.57,"5,129.62"
13.58,"5,129.11"
13.59,"5,128.59"
13.60,"5,128.08"
13.61,"5,127.57"
13.62,"5,127.05"
13.63,"5,126.54"
13.64,"5,126.02"
13.65,"5,125.51"
13.66,"5,124.99"
13.67,"5,124.47"
13.68,"5,123.96"
13.69,"5,123.44"
13.70,"5,122.92"
13.71,"5,122.40"
13.72,"5,121.88"
13.73,"5,121.36"
13.74,"5,120.84"
13.75,"5,120.32"
13.76,"5,119.80"
13.77,"5,119.28"
13.78,"5,118.76"
13.79,"5,118.23"
13.80,"5,117.71"
13.81,"5,117.19"
13.82,"5,116.67"
13.83,"5,116.14"
13.84,"5,115.62"
13.85,"5,115.09"
13.86,"5,114.57"
13.87,"5,114.04"
13.88,"5,113.52"
13.89,"5,112.99"
13.90,"5,112.46"
13.91,"5,111.94"
13.92,"5,111.41"
13.93,"5,110.88"
13.94,"5,110.35"
13.95,"5,109.82"
13.96,"5,109.29"
13.97,"5,108.76"
13.98,"5,108.23"
13.99,"5,107.70"
14.00,"5,107.17"
14.01,"5,106.64"
14.02,"5,106.11"
14.03,"5,105.58"
14.04,"5,105.04"
14.05,"5,104.51"
14.06,"5,103.98"
14.07,"5,103.44"
14.08,"5,102.91"
14.09,"5,102.38"
14.10,"5,101.84"
14.11,"5,101.31"
14.12,"5,100.77"
14.13,"5,100.23"
14.14,"5,099.70"
14.15,"5,099.16"
14.16,"5,098.62"
14.17,"5,098.09"
14.18,"5,097.55"
14.19,"5,097.01"
14.20,"5,096.47"
14.21,"5,095.93"
14.22,"5,095.39"
14.23,"5,094.85"
14.24,"5,094.31"
14.25,"5,093.77"
14.26,"5,093.23"
14.27,"5,092.69"
14.28,"5,092.15"
14.29,"5,091.61"
14.30,"5,091.06"
14.31,"5,090.52"
14.32,"5,089.98"
14.33,"5,089.44"
14.34,"5,088.89"
14.35,"5,088.35"
14.36,"5,087.80"
14.37,"5,087.26"
14.38,"5,086.71"
14.39,"5,086.17"
14.40,"5,085.62"
14.41,"5,085.07"
14.42,"5,084.53"
14.43,"5,083.98"
14.44,"5,083.43"
14.45,"5,082.88"
14.46,"5,082.33"
14.47,"5,081.79"
14.48,"5,081.24"
14.49,"5,080.69"
14.50,"5,080.14"
14.51,"5,079.59"
14.52,"5,079.04"
14.53,"5,078.48"
14.54,"5,077.93"
14.55,"5,077.38"
14.56,"5,076.83"
14.57,"5,076.28"
14.58,"5,075.72"
14.59,"5,075.17"
14.60,"5,074.62"
14.61,"5,074.06"
14.62,"5,073.51"
14.63,"5,072.95"
14.64,"5,072.40"
14.65,"5,071.84"
14.66,"5,071.28"
14.67,"5,070.73"
14.68,"5,070.17"
14.69,"5,069.61"
14.70,"5,069.06"
14.71,"5,068.50"
14.72,"5,067.94"
14.73,"5,067.38"
14.74,"5,066.82"
14.75,"5,066.26"
14.76,"5,065.70"
14.77,"5,065.14"
14.78,"5,064.58"
14.79,"5,064.02"
14.80,"5,063.46"
14.81,"5,062.90"
14.82,"5,062.34"
14.83,"5,061.77"
14.84,"5,061.21"
14.85,"5,060.65"
14.86,"5,060.08"
14.87,"5,059.52"
14.88,"5,058.96"
14.89,"5,058.39"
14.90,"5,057.83"
14.91,"5,057.26"
14.92,"5,056.69"
14.93,"5,056.13"
14.94,"5,055.56"
14.95,"5,054.99"
14.96,"5,054.43"
14.97,"5,053.86"
14.98,"5,053.29"
14.99,"5,052.72"
15.00,"5,052.15"
15.01,"5,051.58"
15.02,"5,051.01"
15.03,"5,050.44"
15.04,"5,049.87"
15.05,"5,049.30"
15.06,"5,048.73"
15.07,"5,048.16"
15.08,"5,047.59"
15.09,"5,047.01"
15.10,"5,046.44"
15.11,"5,045.87"
15.12,"5,045.30"
15.13,"5,044.72"
15.14,"5,044.15"
15.15,"5,043.57"
15.16,"5,043.00"
15.17,"5,042.42"
15.18,"5,041.85"
15.19,"5,041.27"
15.20,"5,040.69"
15.21,"5,040.12"
15.22,"5,039.54"
15.23,"5,038.96"
15.24,"5,038.38"
15.25,"5,037.80"
15.26,"5,037.22"
15.27,"5,036.64"
15.28,"5,036.06"
15.29,"5,035.48"
15.30,"5,034.90"
15.31,"5,034.32"
15.32,"5,033.74"
15.33,"5,033.16"
15.34,"5,032.58"
15.35,"5,031.99"
15.36,"5,031.41"
15.37,"5,030.83"
15.38,"5,030.24"
15.39,"5,029.66"
15.40,"5,029.08"
15.41,"5,028.49"
15.42,"5,027.91"
15.43,"5,027.32"
15.44,"5,026.73"
15.45,"5,026.15"
15.46,"5,025.56"
15.47,"5,024.97"
15.48,"5,024.39"
15.49,"5,023.80"
15.50,"5,023.21"
15.51,"5,022.62"
15.52,"5,022.03"
15.53,"5,021.44"
15.54,"5,020.85"
15.55,"5,020.26"
15.56,"5,019.67"
15.57,"5,019.08"
15.58,"5,018.49"
15.59,"5,017.89"
15.60,"5,017.30"
15.61,"5,016.71"
15.62,"5,016.12"
15.63,"5,015.52"
15.64,"5,014.93"
15.65,"5,014.33"
15.66,"5,013.74"
15.67,"5,013.14"
15.68,"5,012.55"
15.69,"5,011.95"
15.70,"5,010.58"
15.71,"5,009.99"
15.72,"5,009.41"
15.73,"5,008.82"
15.74,"5,008.24"
15.75,"5,007.65"
15.76,"5,007.06"
15.77,"5,006.48"
15.78,"5,005.89"
15.79,"5,005.30"
15.80,"5,004.71"
15.81,"5,004.12"
15.82,"5,003.53"
15.83,"5,002.93"
15.84,"5,002.34"
15.85,"5,001.75"
15.86,"5,001.15"
15.87,"5,000.56"
15.88,"4,999.96"
15.89,"4,999.37"
15.90,"4,998.77"
15.91,"4,998.17"
15.92,"4,997.57"
15.93,"4,996.97"
15.94,"4,996.38"
15.95,"4,995.78"
15.96,"4,995.17"
15.97,"4,994.57"
15.98,"4,993.97"
15.99,"4,993.37"
16.00,"4,992.77"
16.01,"4,992.16"
16.02,"4,991.56"
16.03,"4,990.95"
16.04,"4,990.35"
16.05,"4,989.74"
16.06,"4,989.13"
16.07,"4,988.53"
16.08,"4,987.92"
16.09,"4,987.31"
16.10,"4,986.70"
16.11,"4,986.09"
16.12,"4,985.48"
16.13,"4,984.87"
16.14,"4,984.26"
16.15,"4,983.65"
16.16,"4,983.04"
16.17,"4,982.43"
16.18,"4,981.81"
16.19,"4,981.20"
16.20,"4,980.59"
16.21,"4,979.97"
16.22,"4,979.36"
16.23,"4,978.74"
16.24,"4,978.13"
16.25,"4,977.51"
16.26,"4,976.89"
16.27,"4,976.28"
16.28,"4,975.66"
16.29,"4,975.04"
16.30,"4,974.42"
16.31,"4,973.80"
16.32,"4,973.18"
16.33,"4,972.56"
16.34,"4,971.94"
16.35,"4,971.32"
16.36,"4,970.70"
16.37,"4,970.07"
16.38,"4,969.45"
16.39,"4,968.83"
16.40,"4,968.21"
16.41,"4,967.58"
16.42,"4,966.96"
16.43,"4,966.33"
16.44,"4,965.71"
16.45,"4,965.08"
16.46,"4,964.45"
16.47,"4,963.83"
16.48,"4,963.20"
16.49,"4,962.57"
16.50,"4,961.94"
16.51,"4,961.31"
16.52,"4,960.68"
16.53,"4,960.06"
16.54,"4,959.43"
16.55,"4,958.79"
16.56,"4,958.16"
16.57,"4,957.53"
16.58,"4,956.90"
16.59,"4,956.27"
16.60,"4,955.63"
16.61,"4,955.00"
16.62,"4,954.37"
16.63,"4,953.73"
16.64,"4,953.10"
16.65,"4,952.46"
16.66,"4,951.83"
16.67,"4,951.19"
16.68,"4,950.56"
16.69,"4,949.92"
16.70,"4,949.28"
16.71,"4,948.64"
16.72,"4,948.00"
16.73,"4,947.37"
16.74,"4,946.73"
16.75,"4,946.09"
16.76,"4,945.45"
16.77,"4,944.81"
16.78,"4,944.17"
16.79,"4,943.52"
16.80,"4,942.88"
16.81,"4,942.24"
16.82,"4,941.60"
16.83,"4,940.95"
16.84,"4,940.31"
16.85,"4,939.67"
16.86,"4,939.02"
16.87,"4,938.38"
16.88,"4,937.73"
16.89,"4,937.09"
16.90,"4,936.44"
16.91,"4,935.79"
16.92,"4,935.14"
16.93,"4,934.50"
16.94,"4,933.85"
16.95,"4,933.20"
16.96,"4,932.55"
16.97,"4,931.90"
16.98,"4,931.25"
16.99,"4,930.60"
17.00,"4,929.95"
17.01,"4,929.30"
17.02,"4,928.65"
17.03,"4,928.00"
17.04,"4,927.34"
17.05,"4,926.69"
17.06,"4,926.04"
17.07,"4,925.38"
17.08,"4,924.73"
17.09,"4,924.07"
17.10,"4,923.42"
17.11,"4,922.76"
17.12,"4,922.11"
17.13,"4,921.45"
17.14,"4,920.79"
17.15,"4,920.13"
17.16,"4,919.48"
17.17,"4,918.82"
17.18,"4,918.16"
17.19,"4,917.50"
17.20,"4,916.84"
17.21,"4,916.18"
17.22,"4,915.52"
17.23,"4,914.86"
17.24,"4,914.20"
17.25,"4,913.53"
17.26,"4,912.87"
17.27,"4,912.21"
17.28,"4,911.55"
17.29,"4,910.88"
17.30,"4,910.22"
17.31,"4,909.55"
17.32,"4,908.89"
17.33,"4,908.22"
17.34,"4,907.56"
17.35,"4,906.89"
17.36,"4,906.22"
17.37,"4,905.56"
17.38,"4,904.89"
17.39,"4,904.22"
17.40,"4,903.55"
17.41,"4,902.88"
17.42,"4,902.21"
17.43,"4,901.54"
17.44,"4,900.87"
17.45,"4,900.20"
17.46,"4,899.53"
17.47,"4,898.86"
17.48,"4,898.18"
17.49,"4,897.51"
17.50,"4,896.84"
17.51,"4,896.16"
17.52,"4,895.49"
17.53,"4,894.81"
17.54,"4,894.14"
17.55,"4,893.46"
17.56,"4,892.79"
17.57,"4,892.11"
17.58,"4,891.43"
17.59,"4,890.76"
17.60,"4,890.08"
17.61,"4,889.40"
17.62,"4,888.72"
17.63,"4,888.04"
17.64,"4,887.36"
17.65,"4,886.68"
17.66,"4,886.00"
17.67,"4,885.32"
17.68,"4,884.64"
17.69,"4,883.96"
17.70,"4,883.27"
17.71,"4,882.59"
17.72,"4,881.91"
17.73,"4,881.22"
17.74,"4,880.54"
17.75,"4,879.85"
17.76,"4,879.17"
17.77,"4,878.48"
17.78,"4,877.80"
17.79,"4,877.11"
17.80,"4,875.64"
17.81,"4,874.97"
17.82,"4,874.29"
17.83,"4,873.62"
17.84,"4,872.94"
17.85,"4,872.26"
17.86,"4,871.59"
17.87,"4,870.91"
17.88,"4,870.23"
17.89,"4,869.55"
17.90,"4,868.87"
17.91,"4,868.18"
17.92,"4,867.50"
17.93,"4,866.82"
17.94,"4,866.13"
17.95,"4,865.45"
17.96,"4,864.76"
17.97,"4,864.08"
17.98,"4,863.39"
17.99,"4,862.70"
18.00,"4,862.01"
18.01,"4,861.32"
18.02,"4,860.63"
18.03,"4,859.94"
18.04,"4,859.25"
18.05,"4,858.56"
18.06,"4,857.87"
18.07,"4,857.17"
18.08,"4,856.48"
18.09,"4,855.78"
18.10,"4,855.09"
18.11,"4,854.39"
18.12,"4,853.69"
18.13,"4,853.00"
18.14,"4,852.30"
18.15,"4,851.60"
18.16,"4,850.90"
18.17,"4,850.20"
18.18,"4,849.50"
18.19,"4,848.80"
18.20,"4,848.10"
18.21,"4,847.39"
18.22,"4,846.69"
18.23,"4,845.99"
18.24,"4,845.28"
18.25,"4,844.58"
18.26,"4,843.87"
18.27,"4,843.17"
18.28,"4,842.46"
18.29,"4,841.75"
18.30,"4,841.05"
18.31,"4,840.34"
18.32,"4,839.63"
18.33,"4,838.92"
18.34,"4,838.21"
18.35,"4,837.50"
18.36,"4,836.79"
18.37,"4,836.08"
18.38,"4,835.36"
18.39,"4,834.65"
18.40,"4,833.94"
18.41,"4,833.22"
18.42,"4,832.51"
18.43,"4,831.80"
18.44,"4,831.08"
18.45,"4,830.36"
18.46,"4,829.65"
18.47,"4,828.93"
18.48,"4,828.21"
18.49,"4,827.49"
18.50,"4,826.77"
18.51,"4,826.06"
18.52,"4,825.34"
18.53,"4,824.62"
18.54,"4,823.89"
18.55,"4,823.17"
18.56,"4,822.45"
18.57,"4,821.73"
18.58,"4,821.01"
18.59,"4,820.28"
18.60,"4,819.56"
18.61,"4,818.83"
18.62,"4,818.11"
18.63,"4,817.38"
18.64,"4,816.66"
18.65,"4,815.93"
18.66,"4,815.20"
18.67,4814.47426
18.68,4813.745998
18.69,4813.017152
18.70,4812.287858
18.71,4811.557961
18.72,4810.827643
18.73,4810.09669
18.74,4809.365356
18.75,4808.633342
18.76,4807.901003
18.77,4807.167919
18.78,4806.43459
18.79,4805.70042
18.80,4804.966123
18.81,4804.230843
18.82,4803.495611
18.83,4802.759182
18.84,4802.023065
18.85,4801.285428
18.86,4800.548503
18.87,4799.809564
18.88,4799.07195
18.89,4798.331558
18.90,4797.593448
18.91,4796.851363
18.92,4796.113063
18.93,4795.368895
18.94,4794.630908
18.95,4793.884019
18.96,4793.147156
18.97,4792.396493
18.98,4791.662119
18.99,4790.90592
19.00,4790.176323
19.01,4789.411608
19.02,4788.690678
19.03,4787.912357
19.04,4787.206777
19.05,4786.406048
19.06,4785.727441
19.07,4784.888913
19.08,4784.257717
19.09,4783.354168
19.10,4782.806747
19.11,4781.789463
19.12,4781.391261
19.13,4780.172059
19.14,4780.042246
19.15,4778.459609
19.16,4778.817743
19.17,4776.572328
19.18,4777.827732
19.19,4774.358149
19.20,4777.283044
19.21,4771.523831
19.22,4777.592555
19.23,4767.49713
19.24,4779.558525
19.25,4761.147903
19.26,4784.773297
19.27,4750.216456
19.28,4796.433023
19.29,4730.125946
19.30,4821.020011
19.31,4691.475827
19.32,4871.792138
19.33,4614.646685
19.34,4975.957853
19.35,4457.896977
19.36,5188.825097
19.37,4130.554922
19.38,5617.509233
19.39,3440.029179
19.40,6425.173032
19.41,2536.214892
19.42,0
19.43,0
19.44,0
19.45,0
19.46,0
19.47,0
19.48,0
19.49,0
19.50,0
19.51,0
19.52,0
19.53,0
19.54,0
19.55,0
19.56,0
19.57,0
19.58,0
19.59,0
19.60,0
19.61,0
19.62,0
19.63,0
19.64,0
19.65,0
19.66,0
19.67,0
19.68,0
19.69,0
19.70,0
19.71,0
19.72,0
19.73,0
19.74,0
19.75,0
19.76,0
19.77,0
19.78,0
19.79,0
19.80,0
19.81,0
19.82,0
19.83,0
19.84,0
19.85,0
19.86,0
19.87,0
19.88,0
19.89,0
19.90,0
19.91,0
19.92,0
19.93,0
19.94,0
19.95,0
19.96,0
19.97,0
19.98,0
19.99,0
20.00,0
20.01,0
20.02,0
20.03,0
20.04,0
20.05,0
20.06,0
20.07,0
20.08,0
20.09,0
20.10,0
20.11,0
20.12,0
20.13,0
20.14,0
20.15,0
20.16,0
20.17,0
20.18,0
20.19,0
20.20,0
20.21,0
20.22,0
20.23,0
20.24,0
20.25,0
20.26,0
20.27,0
20.28,0
20.29,0
20.30,0
20.31,0
20.32,0
20.33,0
20.34,0
20.35,0
20.36,0
20.37,0
20.38,0
20.39,0
20.40,0
20.41,0
20.42,0
20.43,0
20.44,0
20.45,0
20.46,0
20.47,0
20.48,0
20.49,0
20.50,0
20.51,0
20.52,0
20.53,0
20.54,0
20.55,0
20.56,0
20.57,0
20.58,0
20.59,0
20.60,0
20.61,0
20.62,0
20.63,0
20.64,0
20.65,0
20.66,0
20.67,0
20.68,0
20.69,0
20.70,0
20.71,0
20.72,0
20.73,0
20.74,0
20.75,0
20.76,0
20.77,0
20.78,0
20.79,0
20.80,0
20.81,0
20.82,0
20.83,0
20.84,0
20.85,0
20.86,0
20.87,0
20.88,0
20.89,0
20.90,0
20.91,0
20.92,0
20.93,0
20.94,0
20.95,0
20.96,0
20.97,0
20.98,0
20.99,0
21.00,0
21.01,0
21.02,0
21.03,0
21.04,0
21.05,0
21.06,0
21.07,0
21.08,0
21.09,0
21.10,0
21.11,0
21.12,0
21.13,0
21.14,0
21.15,0
21.16,0
21.17,0
21.18,0
21.19,0
21.20,0
21.21,0
21.22,0
21.23,0
21.24,0
21.25,0
21.26,0
21.27,0
21.28,0
21.29,0
21.30,0
21.31,0
21.32,0
21.33,0
21.34,0
21.35,0
21.36,0
21.37,0
21.38,0
21.39,0
21.40,0
21.41,0
21.42,0
21.43,0
21.44,0
21.45,0
21.46,0
21.47,0
21.48,0
21.49,0
21.50,0
21.51,0
21.52,0
21.53,0
21.54,0
21.55,0
21.56,0
21.57,0
21.58,0
21.59,0
21.60,0
21.61,0
21.62,0
21.63,0
21.64,0
21.65,0
21.66,0
21.67,0
21.68,0
21.69,0
21.70,0
21.71,0
21.72,0
21.73,0
21.74,0
21.75,0
21.76,0
21.77,0
21.78,0
21.79,0
21.80,0
21.81,0
21.82,0
21.83,0
21.84,0
21.85,0
21.86,0
21.87,0
21.88,0
21.89,0
21.90,0
21.91,0
21.92,0
21.93,0
21.94,0
21.95,0
21.96,0
21.97,0
21.98,0
21.99,0
22.00,0
22.01,0
22.02,0
22.03,0
22.04,0
22.05,0
22.06,0
22.07,0
22.08,0
22.09,0
22.10,0
22.11,0
22.12,0
22.13,0
22.14,0
22.15,0
22.16,0
22.17,0
22.18,0
22.19,0
22.20,0
22.21,0
22.22,0
22.23,0
22.24,0
22.25,0
22.26,0
22.27,0
22.28,0
22.29,0
22.30,0
22.31,0
22.32,0
22.33,0
22.34,0
22.35,0
22.36,0
22.37,0
22.38,0
22.39,0
22.40,0
22.41,0
22.42,0
22.43,0
22.44,0
22.45,0
22.46,0
22.47,0
22.48,0
22.49,0
22.50,0
22.51,0
22.52,0
22.53,0
22.54,0
22.55,0
22.56,0
22.57,0
22.58,0
22.59,0
22.60,0
22.61,0
22.62,0
22.63,0
22.64,0
22.65,0
22.66,0
22.67,0
22.68,0
22.69,0
22.70,0
22.71,0
22.72,0
22.73,0
22.74,0
22.75,0
22.76,0
22.77,0
22.78,0
22.79,0
22.80,0
22.81,0
22.82,0
22.83,0
22.84,0
22.85,0
22.86,0
22.87,0
22.88,0
22.89,0
22.90,0
22.91,0
22.92,0
22.93,0
22.94,0
22.95,0
22.96,0
22.97,0
22.98,0
22.99,0
23.00,0
23.01,0
23.02,0
23.03,0
23.04,0
23.05,0
23.06,0
23.07,0
23.08,0
23.09,0
23.10,0
23.11,0
23.12,0
23.13,0
23.14,0
23.15,0
23.16,0
23.17,0
23.18,0
23.19,0
23.20,0
23.21,0
23.22,0
23.23,0
23.24,0
23.25,0
23.26,0
23.27,0
23.28,0
23.29,0
23.30,0
23.31,0
23.32,0
23.33,0
23.34,0
23.35,0
23.36,0
23.37,0
23.38,0
23.39,0
23.40,0
23.41,0
23.42,0
23.43,0
23.44,0
23.45,0
23.46,0
23.47,0
23.48,0
23.49,0
23.50,0
23.51,0
23.52,0
23.53,0
23.54,0
23.55,0
23.56,0
23.57,0
23.58,0
23.59,0
23.60,0
23.61,0
23.62,0
23.63,0
23.64,0
23.65,0
23.66,0
23.67,0
23.68,0
23.69,0
23.70,0
23.71,0
23.72,0
23.73,0
23.74,0
23.75,0
23.76,0
23.77,0
23.78,0
23.79,0
23.80,0
23.81,0
23.82,0
23.83,0
23.84,0
23.85,0
23.86,0
23.87,0
23.88,0
23.89,0
23.90,0
23.91,0
23.92,0
23.93,0
23.94,0
23.95,0
23.96,0
23.97,0
23.98,0
23.99,0
24.00,0
24.01,0
24.02,0
24.03,0
24.04,0
24.05,0
24.06,0
24.07,0
24.08,0
24.09,0
24.10,0
24.11,0
24.12,0
24.13,0
24.14,0
24.15,0
24.16,0
24.17,0
24.18,0
24.19,0
24.20,0
24.21,0
24.22,0
24.23,0
24.24,0
24.25,0
24.26,0
24.27,0
24.28,0
24.29,0
24.30,0
24.31,0
24.32,0
24.33,0
24.34,0
24.35,0
24.36,0
24.37,0
24.38,0
24.39,0
24.40,0
24.41,0
24.42,0
24.43,0
24.44,0
24.45,0
24.46,0
24.47,0
24.48,0
24.49,0
24.50,0
24.51,0
24.52,0
24.53,0
24.54,0
24.55,0
24.56,0
24.57,0
24.58,0
24.59,0
24.60,0
24.61,0
24.62,0
24.63,0
24.64,0
24.65,0
24.66,0
24.67,0
24.68,0
24.69,0
24.70,0
24.71,0
24.72,0
24.73,0
24.74,0
24.75,0
24.76,0
24.77,0
24.78,0
24.79,0
24.80,0
24.81,0
24.82,0
24.83,0
24.84,0
24.85,0
24.86,0
24.87,0
24.88,0
24.89,0
24.90,0
24.91,0
24.92,0
24.93,0
24.94,0
24.95,0
24.96,0
24.97,0
24.98,0
24.99,0
25.00,0
25.01,0
25.02,0
25.03,0
25.04,0
25.05,0
25.06,0
25.07,0
25.08,0
25.09,0
25.10,0
25.11,0
25.12,0
25.13,0
25.14,0
25.15,0
25.16,0
25.17,0
25.18,0
25.19,0
25.20,0
25.21,0
25.22,0
25.23,0
25.24,0
25.25,0
25.26,0
25.27,0
25.28,0
25.29,0
25.30,0
25.31,0
25.32,0
25.33,0
25.34,0
25.35,0
25.36,0
25.37,0
25.38,0
25.39,0
25.40,0
25.41,0
25.42,0
25.43,0
25.44,0
25.45,0
25.46,0
25.47,0
25.48,0
25.49,0
25.50,0
25.51,0
25.52,0
25.53,0
25.54,0
25.55,0
25.56,0
25.57,0
25.58,0
25.59,0
25.60,0
25.61,0
25.62,0
25.63,0
25.64,0
25.65,0
25.66,0
25.67,0
25.68,0
25.69,0
25.70,0
25.71,0
25.72,0
25.73,0
25.74,0
25.75,0
25.76,0
25.77,0
25.78,0
25.79,0
25.80,0
25.81,0
25.82,0
25.83,0
25.84,0
25.85,0
25.86,0
25.87,0
25.88,0
25.89,0
25.90,0
25.91,0
25.92,0
25.93,0
25.94,0
25.95,0
25.96,0
25.97,0
25.98,0
25.99,0
26.00,0
26.01,0
26.02,0
26.03,0
26.04,0
26.05,0
26.06,0
26.07,0
26.08,0
26.09,0
26.10,0
26.11,0
26.12,0
26.13,0
26.14,0
26.15,0
26.16,0
26.17,0
26.18,0
26.19,0
26.20,0
26.21,0
26.22,0
26.23,0
26.24,0
26.25,0
26.26,0
26.27,0
26.28,0
26.29,0
26.30,0
26.31,0
26.32,0
26.33,0
26.34,0
26.35,0
26.36,0
26.37,0
26.38,0
26.39,0
26.40,0
26.41,0
26.42,0
26.43,0
26.44,0
26.45,0
26.46,0
26.47,0
26.48,0
26.49,0
26.50,0
26.51,0
26.52,0
26.53,0
26.54,0
26.55,0
26.56,0
26.57,0
26.58,0
26.59,0
26.60,0
26.61,0
26.62,0
26.63,0
26.64,0
26.65,0
26.66,0
26.67,0
26.68,0
26.69,0
26.70,0
26.71,0
26.72,0
26.73,0
26.74,0
26.75,0
26.76,0
26.77,0
26.78,0
26.79,0
26.80,0
26.81,0
26.82,0
26.83,0
26.84,0
26.85,0
26.86,0
26.87,0
26.88,0
26.89,0
26.90,0
26.91,0
26.92,0
26.93,0
26.94,0
26.95,0
26.96,0
26.97,0
26.98,0
26.99,0
27.00,0
27.01,0
27.02,0
27.03,0
27.04,0
27.05,0
27.06,0
27.07,0
27.08,0
27.09,0
27.10,0
27.11,0
27.12,0
27.13,0
27.14,0
27.15,0
27.16,0
27.17,0
27.18,0
27.19,0
27.20,0
27.21,0
27.22,0
27.23,0
27.24,0
27.25,0
27.26,0
27.27,0
27.28,0
27.29,0
27.30,0
27.31,0
27.32,0
27.33,0
27.34,0
27.35,0
27.36,0
27.37,0
27.38,0
27.39,0
27.40,0
27.41,0
27.42,0
27.43,0
27.44,0
27.45,0
27.46,0
27.47,0
27.48,0
27.49,0
27.50,0
27.51,0
27.52,0
27.53,0
27.54,0
27.55,0
27.56,0
27.57,0
27.58,0
27.59,0
27.60,0
27.61,0
27.62,0
27.63,0
27.64,0
27.65,0
27.66,0
27.67,0
27.68,0
27.69,0
27.70,0
27.71,0
27.72,0
27.73,0
27.74,0
27.75,0
27.76,0
27.77,0
27.78,0
27.79,0
27.80,0
27.81,0
27.82,0
27.83,0
27.84,0
27.85,0
27.86,0
27.87,0
27.88,0
27.89,0
27.90,0
27.91,0
27.92,0
27.93,0
27.94,0
27.95,0
27.96,0
27.97,0
27.98,0
27.99,0
28.00,0
28.01,0
28.02,0
28.03,0
28.04,0
28.05,0
28.06,0
28.07,0
28.08,0
28.09,0
28.10,0
28.11,0
28.12,0
28.13,0
28.14,0
28.15,0
28.16,0
28.17,0
28.18,0
28.19,0
28.20,0
28.21,0
28.22,0
28.23,0
28.24,0
28.25,0
28.26,0
28.27,0
28.28,0
28.29,0
28.30,0
28.31,0
28.32,0
28.33,0
28.34,0
28.35,0
28.36,0
28.37,0
28.38,0
28.39,0
28.40,0
28.41,0
28.42,0
28.43,0
28.44,0
28.45,0
28.46,0
28.47,0
28.48,0
28.49,0
28.50,0
28.51,0
28.52,0
28.53,0
28.54,0
28.55,0
28.56,0
28.57,0
28.58,0
28.59,0
28.60,0
28.61,0
28.62,0
28.63,0
28.64,0
28.65,0
28.66,0
28.67,0
28.68,0
28.69,0
28.70,0
28.71,0
28.72,0
28.73,0
28.74,0
28.75,0
28.76,0
28.77,0
28.78,0
28.79,0
28.80,0
28.81,0
28.82,0
28.83,0
28.84,0
28.85,0
28.86,0
28.87,0
28.88,0
28.89,0
28.90,0
28.91,0
28.92,0
28.93,0
28.94,0
28.95,0
28.96,0
28.97,0
28.98,0
28.99,0
29.00,0
29.01,0
29.02,0
29.03,0
29.04,0
29.05,0
29.06,0
29.07,0
29.08,0
29.09,0
29.10,0
29.11,0
29.12,0
29.13,0
29.14,0
29.15,0
29.16,0
29.17,0
29.18,0
29.19,0
29.20,0
29.21,0
29.22,0
29.23,0
29.24,0
29.25,0
29.26,0
29.27,0
29.28,0
29.29,0
29.30,0
29.31,0
29.32,0
29.33,0
29.34,0
29.35,0
29.36,0
29.37,0
29.38,0
29.39,0
29.40,0
29.41,0
29.42,0
29.43,0
29.44,0
29.45,0
29.46,0
29.47,0
29.48,0
29.49,0
29.50,0
29.51,0
29.52,0
29.53,0
29.54,0
29.55,0
29.56,0
29.57,0
29.58,0
29.59,0
29.60,0
29.61,0
29.62,0
29.63,0
29.64,0
29.65,0
29.66,0
29.67,0
29.68,0
29.69,0
29.70,0
29.71,0
29.72,0
29.73,0
29.74,0
29.75,0
29.76,0
29.77,0
29.78,0
29.79,0
29.80,0
29.81,0
29.82,0
29.83,0
29.84,0
29.85,0
29.86,0
29.87,0
29.88,0
29.89,0
29.90,0
29.91,0
29.92,0
29.93,0
29.94,0
29.95,0
29.96,0
29.97,0
29.98,0
29.99,0
30.00,0
30.01,0
30.02,0
30.03,0
30.04,0
30.05,0
30.06,0
30.07,0
30.08,0
30.09,0
30.10,0
30.11,0
30.12,0
30.13,0
30.14,0
30.15,0
30.16,0
30.17,0
30.18,0
30.19,0
30.20,0
30.21,0
30.22,0
30.23,0
30.24,0
30.25,0
30.26,0
30.27,0
30.28,0
30.29,0
30.30,0
30.31,0
30.32,0
30.33,0
30.34,0
30.35,0
30.36,0
30.37,0
30.38,0
30.39,0
30.40,0
30.41,0
30.42,0
30.43,0
30.44,0
30.45,0
30.46,0
30.47,0
30.48,0
30.49,0
30.50,0
30.51,0
30.52,0
30.53,0
30.54,0
30.55,0
30.56,0
30.57,0
30.58,0
30.59,0
30.60,0
30.61,0
30.62,0
30.63,0
30.64,0
30.65,0
30.66,0
30.67,0
30.68,0
30.69,0
30.70,0
30.71,0
30.72,0
30.73,0
30.74,0
30.75,0
30.76,0
30.77,0
30.78,0
30.79,0
30.80,0
30.81,0
30.82,0
30.83,0
30.84,0
30.85,0
30.86,0
30.87,0
30.88,0
30.89,0
30.90,0
30.91,0
30.92,0
30.93,0
30.94,0
30.95,0
30.96,0
30.97,0
30.98,0
30.99,0
31.00,0
31.01,0
31.02,0
31.03,0
31.04,0
31.05,0
31.06,0
31.07,0
31.08,0
31.09,0
31.10,0
31.11,0
31.12,0
31.13,0
31.14,0
31.15,0
31.16,0
31.17,0
31.18,0
31.19,0
31.20,0
31.21,0
31.22,0
31.23,0
31.24,0
31.25,0
31.26,0
31.27,0
31.28,0
31.29,0
31.30,0
31.31,0
31.32,0
31.33,0
31.34,0
31.35,0
31.36,0
31.37,0
31.38,0
31.39,0
31.40,0
31.41,0
31.42,0
31.43,0
31.44,0
31.45,0
31.46,0
31.47,0
31.48,0
31.49,0
31.50,0
31.51,0
31.52,0
31.53,0
31.54,0
31.55,0
31.56,0
31.57,0
31.58,0
31.59,0
31.60,0
31.61,0
31.62,0
31.63,0
31.64,0
31.65,0
31.66,0
31.67,0
31.68,0
31.69,0
31.70,0
31.71,0
31.72,0
31.73,0
31.74,0
31.75,0
31.76,0
31.77,0
31.78,0
31.79,0
31.80,0
31.81,0
31.82,0
31.83,0
31.84,0
31.85,0
31.86,0
31.87,0
31.88,0
31.89,0
31.90,0
31.91,0
31.92,0
31.93,0
31.94,0
31.95,0
31.96,0
31.97,0
31.98,0
31.99,
32.00,
32.01,
32.02,
32.03,
32.04,
32.05,
32.06,
32.07,
32.08,
32.09,
32.10,
32.11,
32.12,
32.13,
32.14,
32.15,
32.16,
32.17,
32.18,
32.19,
32.20,
32.21,
32.22,
32.23,
32.24,
32.25,
32.26,
32.27,
32.28,
32.29,
32.30,
32.31,
32.32,
32.33,
32.34,
32.35,
32.36,
32.37,
32.38,
32.39,
32.40,
32.41,
32.42,
32.43,
32.44,
32.45,
32.46,
32.47,
32.48,
32.49,
32.50,
32.51,
32.52,
32.53,
32.54,
32.55,
32.56,
32.57,
32.58,
32.59,
32.60,
32.61,
32.62,
32.63,
32.64,
32.65,
32.66,
32.67,
32.68,
32.69,
32.70,
32.71,
32.72,
32.73,
32.74,
32.75,
32.76,
32.77,
32.78,
32.79,
32.80,
32.81,
32.82,
32.83,
32.84,
32.85,
32.86,
32.87,
32.88,
32.89,
32.90,
32.91,
32.92,
32.93,
32.94,
32.95,
32.96,
32.97,
32.98,
32.99,
33.00,
33.01,
33.02,
33.03,
33.04,
33.05,
33.06,
33.07,
33.08,
33.09,
33.10,
33.11,
33.12,
33.13,
33.14,
33.15,
33.16,
33.17,
33.18,
33.19,
33.20,
33.21,
33.22,
33.23,
33.24,
33.25,
33.26,
33.27,
33.28,
33.29,
33.30,
33.31,
33.32,
33.33,
33.34,
33.35,
33.36,
33.37,
33.38,
33.39,
33.40,
33.41,
33.42,
33.43,
33.44,
33.45,
33.46,
33.47,
33.48,
33.49,
33.50,
33.51,
33.52,
33.53,
33.54,
33.55,
33.56,
33.57,
33.58,
33.59,
33.60,
33.61,
33.62,
33.63,
33.64,
33.65,
33.66,
33.67,
33.68,
33.69,
33.70,
33.71,
33.72,
33.73,
33.74,
33.75,
33.76,
33.77,
33.78,
33.79,
33.80,
33.81,
33.82,
33.83,
33.84,
33.85,
33.86,
33.87,
33.88,
33.89,
33.90,
33.91,
33.92,
33.93,
33.94,
33.95,
33.96,
33.97,
33.98,
33.99,
34.00,
34.01,
34.02,
34.03,
34.04,
34.05,
34.06,
34.07,
34.08,
34.09,
34.10,
34.11,
34.12,
34.13,
34.14,
34.15,
34.16,
34.17,
34.18,
34.19,
34.20,
34.21,
34.22,
34.23,
34.24,
34.25,
34.26,
34.27,
34.28,
34.29,
34.30,
34.31,
34.32,
34.33,
34.34,
34.35,
34.36,
34.37,
34.38,
34.39,
34.40,
34.41,
34.42,
34.43,
34.44,
34.45,
34.46,
34.47,
34.48,
34.49,
34.50,
34.51,
34.52,
34.53,
34.54,
34.55,
34.56,
34.57,
34.58,
34.59,
34.60,
34.61,
34.62,
34.63,
34.64,
34.65,
34.66,
34.67,
34.68,
34.69,
34.70,
34.71,
34.72,
34.73,
34.74,
34.75,
34.76,
34.77,
34.78,
34.79,
34.80,
34.81,
34.82,
34.83,
34.84,
34.85,
34.86,
34.87,
34.88,
34.89,
34.90,
34.91,
34.92,
34.93,
34.94,
34.95,
34.96,
34.97,
34.98,
34.99,
35.00,
35.01,
35.02,
35.03,
35.04,
35.05,
35.06,
35.07,
35.08,
35.09,
35.10,
35.11,
35.12,
35.13,
35.14,
35.15,
35.16,
35.17,
35.18,
35.19,
35.20,
35.21,
35.22,
35.23,
35.24,
35.25,
35.26,
35.27,
35.28,
35.29,
35.30,
35.31,
35.32,
35.33,
35.34,
35.35,
35.36,
35.37,
35.38,
35.39,
35.40,
35.41,
35.42,
35.43,
35.44,
35.45,
35.46,
35.47,
35.48,
35.49,
35.50,
35.51,
35.52,
35.53,
35.54,
35.55,
35.56,
35.57,
35.58,
35.59,
35.60,
35.61,
35.62,
35.63,
35.64,
35.65,
35.66,
35.67,
35.68,
35.69,
35.70,
35.71,
35.72,
35.73,
35.74,
35.75,
35.76,
35.77,
35.78,
35.79,
35.80,
35.81,
35.82,
35.83,
35.84,
35.85,
35.86,
35.87,
35.88,
35.89,
35.90,
35.91,
35.92,
35.93,
35.94,
35.95,
35.96,
35.97,
35.98,
35.99,
36.00,
36.01,
36.02,
36.03,
36.04,
36.05,
36.06,
36.07,
36.08,
36.09,
36.10,
36.11,
36.12,
36.13,
36.14,
36.15,
36.16,
36.17,
36.18,
36.19,
36.20,
36.21,
36.22,
36.23,
36.24,
36.25,
36.26,
36.27,
36.28,
36.29,
36.30,
36.31,
36.32,
36.33,
36.34,
36.35,
36.36,
36.37,
36.38,
36.39,
36.40,
36.41,
36.42,
36.43,
36.44,
36.45,
36.46,
36.47,
36.48,
36.49,
36.50,
36.51,
36.52,
36.53,
36.54,
36.55,
36.56,
36.57,
36.58,
36.59,
36.60,
36.61,
36.62,
36.63,
36.64,
36.65,
36.66,
36.67,
36.68,
36.69,
36.70,
36.71,
36.72,
36.73,
36.74,
36.75,
36.76,
36.77,
36.78,
36.79,
36.80,
36.81,
36.82,
36.83,
36.84,
36.85,
36.86,
36.87,
36.88,
36.89,
36.90,
36.91,
36.92,
36.93,
36.94,
36.95,
36.96,
36.97,
36.98,
36.99,
37.00,
37.01,
37.02,
37.03,
37.04,
37.05,
37.06,
37.07,
37.08,
37.09,
37.10,
37.11,
37.12,
37.13,
37.14,
37.15,
37.16,
37.17,
37.18,
37.19,
37.20,
37.21,
37.22,
37.23,
37.24,
37.25,
37.26,
37.27,
37.28,
37.29,
37.30,
37.31,
37.32,
37.33,
37.34,
37.35,
37.36,
37.37,
37.38,
37.39,
37.40,
37.41,
37.42,
37.43,
37.44,
37.45,
37.46,
37.47,
37.48,
37.49,
37.50,
37.51,
37.52,
37.53,
37.54,
37.55,
37.56,
37.57,
37.58,
37.59,
37.60,
37.61,
37.62,
37.63,
37.64,
37.65,
37.66,
37.67,
37.68,
37.69,
37.70,
37.71,
37.72,
37.73,
37.74,
37.75,
37.76,
37.77,
37.78,
37.79,
37.80,
37.81,
37.82,
37.83,
37.84,
37.85,
37.86,
37.87,
37.88,
37.89,
37.90,
37.91,
37.92,
37.93,
37.94,
37.95,
37.96,
37.97,
37.98,
37.99,
38.00,
38.01,
38.02,
38.03,
38.04,
38.05,
38.06,
38.07,
38.08,
38.09,
38.10,
38.11,
38.12,
38.13,
38.14,
38.15,
38.16,
38.17,
38.18,
38.19,
38.20,
38.21,
38.22,
38.23,
38.24,
38.25,
38.26,
38.27,
38.28,
38.29,
38.30,
38.31,
38.32,
38.33,
38.34,
38.35,
38.36,
38.37,
38.38,
38.39,
38.40,
38.41,
38.42,
38.43,
38.44,
38.45,
38.46,
38.47,
38.48,
38.49,
38.50,
38.51,
38.52,
38.53,
38.54,
38.55,
38.56,
38.57,
38.58,
38.59,
38.60,
38.61,
38.62,
38.63,
38.64,
38.65,
38.66,
38.67,
38.68,
38.69,
38.70,
38.71,
38.72,
38.73,
38.74,
38.75,
38.76,
38.77,
38.78,
38.79,
38.80,
38.81,
38.82,
38.83,
38.84,
38.85,
38.86,
38.87,
38.88,
38.89,
38.90,
38.91,
38.92,
38.93,
38.94,
38.95,
38.96,
38.97,
38.98,
38.99,
39.00,
39.01,
39.02,
39.03,
39.04,
39.05,
39.06,
39.07,
39.08,
39.09,
39.10,
39.11,
39.12,
39.13,
39.14,
39.15,
39.16,
39.17,
39.18,
39.19,
39.20,
39.21,
39.22,
39.23,
39.24,
39.25,
39.26,
39.27,
39.28,
39.29,
39.30,
39.31,
39.32,
39.33,
39.34,
39.35,
39.36,
39.37,
39.38,
39.39,
39.40,
39.41,
39.42,
39.43,
39.44,
39.45,
39.46,
39.47,
39.48,
39.49,
39.50,
39.51,
39.52,
39.53,
39.54,
39.55,
39.56,
39.57,
39.58,
39.59,
39.60,
39.61,
39.62,
39.63,
39.64,
39.65,
39.66,
39.67,
39.68,
39.69,
39.70,
39.71,
39.72,
39.73,
39.74,
39.75,
39.76,
39.77,
39.78,
39.79,
39.80,
39.81,
39.82,
39.83,
39.84,
39.85,
39.86,
39.87,
39.88,
39.89,
39.90,
39.91,
39.92,
39.93,
39.94,
39.95,
39.96,
39.97,
39.98,
39.99,
40.00,
40.01,
40.02,
40.03,
40.04,
40.05,
40.06,
40.07,
40.08,
40.09,
40.10,
40.11,
40.12,
40.13,
40.14,
40.15,
40.16,
40.17,
40.18,
40.19,
40.20,
40.21,
40.22,
40.23,
40.24,
40.25,
40.26,
40.27,
40.28,
40.29,
40.30,
40.31,
40.32,
40.33,
40.34,
40.35,
40.36,
40.37,
40.38,
40.39,
40.40,
40.41,
40.42,
40.43,
40.44,
40.45,
40.46,
40.47,
40.48,
40.49,
40.50,
40.51,
40.52,
40.53,
40.54,
40.55,
40.56,
40.57,
40.58,
40.59,
40.60,
40.61,
40.62,
40.63,
40.64,
40.65,
40.66,
40.67,
40.68,
40.69,
40.70,
40.71,
40.72,
40.73,
40.74,
40.75,
40.76,
40.77,
40.78,
40.79,
40.80,
40.81,
40.82,
40.83,
40.84,
40.85,
40.86,
40.87,
40.88,
40.89,
40.90,
40.91,
40.92,
40.93,
40.94,
40.95,
40.96,
40.97,
40.98,
40.99,
41.00,
41.01,
41.02,
41.03,
41.04,
41.05,
41.06,
41.07,
41.08,
41.09,
41.10,
41.11,
41.12,
41.13,
41.14,
41.15,
41.16,
41.17,
41.18,
41.19,
41.20,
41.21,
41.22,
41.23,
41.24,
41.25,
41.26,
41.27,
41.28,
41.29,
41.30,
41.31,
41.32,
41.33,
41.34,
41.35,
41.36,
41.37,
41.38,
41.39,
41.40,
41.41,
41.42,
41.43,
41.44,
41.45,
41.46,
41.47,
41.48,
41.49,
41.50,
41.51,
41.52,
41.53,
41.54,
41.55,
41.56,
41.57,
41.58,
41.59,
41.60,
41.61,
41.62,
41.63,
41.64,
41.65,
41.66,
41.67,
41.68,
41.69,
41.70,
41.71,
41.72,
41.73,
41.74,
41.75,
41.76,
41.77,
41.78,
41.79,
41.80,
41.81,
41.82,
41.83,
41.84,
41.85,
41.86,
41.87,
41.88,
41.89,
41.90,
41.91,
41.92,
41.93,
41.94,
41.95,
41.96,
41.97,
41.98,
41.99,
42.00,
42.01,
42.02,
42.03,
42.04,
42.05,
42.06,
42.07,
42.08,
42.09,
42.10,
42.11,
42.12,
42.13,
42.14,
42.15,
42.16,
42.17,
42.18,
42.19,
42.20,
42.21,
42.22,
42.23,
42.24,
42.25,
42.26,
42.27,
42.28,
42.29,
42.30,
42.31,
42.32,
42.33,
42.34,
42.35,
42.36,
42.37,
42.38,
42.39,
42.40,
42.41,
42.42,
42.43,
42.44,
42.45,
42.46,
42.47,
42.48,
42.49,
42.50,
42.51,
42.52,
42.53,
42.54,
42.55,
42.56,
42.57,
42.58,
42.59,
42.60,
42.61,
42.62,
42.63,
42.64,
42.65,
42.66,
42.67,
42.68,
42.69,
42.70,
42.71,
42.72,
42.73,
42.74,
42.75,
42.76,
42.77,
42.78,
42.79,
42.80,
42.81,
42.82,
42.83,
42.84,
42.85,
42.86,
42.87,
42.88,
42.89,
42.90,
42.91,
42.92,
42.93,
42.94,
42.95,
42.96,
42.97,
42.98,
42.99,
43.00,
43.01,
43.02,
43.03,
43.04,
43.05,
43.06,
43.07,
43.08,
43.09,
43.10,
43.11,
43.12,
43.13,
43.14,
43.15,
43.16,
43.17,
43.18,
43.19,
43.20,
43.21,
43.22,
43.23,
43.24,
43.25,
43.26,
43.27,
43.28,
43.29,
43.30,
43.31,
43.32,
43.33,
43.34,
43.35,
43.36,
43.37,
43.38,
43.39,
43.40,
43.41,
43.42,
43.43,
43.44,
43.45,
43.46,
43.47,
43.48,
43.49,
43.50,
43.51,
43.52,
43.53,
43.54,
43.55,
43.56,
43.57,
43.58,
43.59,
43.60,
43.61,
43.62,
43.63,
43.64,
43.65,
43.66,
43.67,
43.68,
43.69,
43.70,
43.71,
43.72,
43.73,
43.74,
43.75,
43.76,
43.77,
43.78,
43.79,
43.80,
43.81,
43.82,
43.83,
43.84,
43.85,
43.86,
43.87,
43.88,
43.89,
43.90,
43.91,
43.92,
43.93,
43.94,
43.95,
43.96,
43.97,
43.98,
43.99,
44.00,
44.01,
44.02,
44.03,
44.04,
44.05,
44.06,
44.07,
44.08,
44.09,
44.10,
44.11,
44.12,
44.13,
44.14,
44.15,
44.16,
44.17,
44.18,
44.19,
44.20,
44.21,
44.22,
44.23,
44.24,
44.25,
44.26,
44.27,
44.28,
44.29,
44.30,
44.31,
44.32,
44.33,
44.34,
44.35,
44.36,
44.37,
44.38,
44.39,
44.40,
44.41,
44.42,
44.43,
44.44,
44.45,
44.46,
44.47,
44.48,
44.49,
44.50,
44.51,
44.52,
44.53,
44.54,
44.55,
44.56,
44.57,
44.58,
44.59,
44.60,
44.61,
44.62,
44.63,
44.64,
44.65,
44.66,
44.67,
44.68,
44.69,
44.70,
44.71,
44.72,
44.73,
44.74,
44.75,
44.76,
44.77,
44.78,
44.79,
44.80,
44.81,
44.82,
44.83,
44.84,
44.85,
44.86,
44.87,
44.88,
44.89,
44.90,
44.91,
44.92,
44.93,
44.94,
44.95,
44.96,
44.97,
44.98,
44.99,
45.00,
45.01,
45.02,
45.03,
45.04,
45.05,
45.06,
45.07,
45.08,
45.09,
45.10,
45.11,
45.12,
45.13,
45.14,
45.15,
45.16,
45.17,
45.18,
45.19,
45.20,
45.21,
45.22,
45.23,
45.24,
45.25,
45.26,
45.27,
45.28,
45.29,
45.30,
45.31,
45.32,
45.33,
45.34,
45.35,
45.36,
45.37,
45.38,
45.39,
45.40,
45.41,
45.42,
45.43,
45.44,
45.45,
45.46,
45.47,
45.48,
45.49,
45.50,
45.51,
45.52,
45.53,
45.54,
45.55,
45.56,
45.57,
45.58,
45.59,
45.60,
45.61,
45.62,
45.63,
45.64,
45.65,
45.66,
45.67,
45.68,
45.69,
45.70,
45.71,
45.72,
45.73,
45.74,
45.75,
45.76,
45.77,
45.78,
45.79,
45.80,
45.81,
45.82,
45.83,
45.84,
45.85,
45.86,
45.87,
45.88,
45.89,
45.90,
45.91,
45.92,
45.93,
45.94,
45.95,
45.96,
45.97,
45.98,
45.99,
46.00,
46.01,
46.02,
46.03,
46.04,
46.05,
46.06,
46.07,
46.08,
46.09,
46.10,
46.11,
46.12,
46.13,
46.14,
46.15,
46.16,
46.17,
46.18,
46.19,
46.20,
46.21,
46.22,
46.23,
46.24,
46.25,
46.26,
46.27,
46.28,
46.29,
46.30,
46.31,
46.32,
46.33,
46.34,
46.35,
46.36,
46.37,
46.38,
46.39,
46.40,
46.41,
46.42,
46.43,
46.44,
46.45,
46.46,
46.47,
46.48,
46.49,
46.50,
46.51,
46.52,
46.53,
46.54,
46.55,
46.56,
46.57,
46.58,
46.59,
46.60,
46.61,
46.62,
46.63,
46.64,
46.65,
46.66,
46.67,
46.68,
46.69,
46.70,
46.71,
46.72,
46.73,
46.74,
46.75,
46.76,
46.77,
46.78,
46.79,
46.80,
46.81,
46.82,
46.83,
46.84,
46.85,
46.86,
46.87,
46.88,
46.89,
46.90,
46.91,
46.92,
46.93,
46.94,
46.95,
46.96,
46.97,
46.98,
46.99,
47.00,
47.01,
47.02,
47.03,
47.04,
47.05,
47.06,
47.07,
47.08,
47.09,
47.10,
47.11,
47.12,
47.13,
47.14,
47.15,
47.16,
47.17,
47.18,
47.19,
47.20,
47.21,
47.22,
47.23,
47.24,
47.25,
47.26,
47.27,
47.28,
47.29,
47.30,
47.31,
47.32,
47.33,
47.34,
47.35,
47.36,
47.37,
47.38,
47.39,
47.40,
47.41,
47.42,
47.43,
47.44,
47.45,
47.46,
47.47,
47.48,
47.49,
47.50,
47.51,
47.52,
47.53,
47.54,
47.55,
47.56,
47.57,
47.58,
47.59,
47.60,
47.61,
47.62,
47.63,
47.64,
47.65,
47.66,
47.67,
47.68,
47.69,
47.70,
47.71,
47.72,
47.73,
47.74,
47.75,
47.76,
47.77,
47.78,
47.79,
47.80,
47.81,
47.82,
47.83,
47.84,
47.85,
47.86,
47.87,
47.88,
47.89,
47.90,
47.91,
47.92,
47.93,
47.94,
47.95,
47.96,
47.97,
47.98,
47.99,
48.00,
48.01,
48.02,
48.03,
48.04,
48.05,
48.06,
48.07,
48.08,
48.09,
48.10,
48.11,
48.12,
48.13,
48.14,
48.15,
48.16,
48.17,
48.18,
48.19,
48.20,
48.21,
48.22,
48.23,
48.24,
48.25,
48.26,
48.27,
48.28,
48.29,
48.30,
48.31,
48.32,
48.33,
48.34,
48.35,
48.36,
48.37,
48.38,
48.39,
48.40,
48.41,
48.42,
48.43,
48.44,
48.45,
48.46,
48.47,
48.48,
48.49,
48.50,
48.51,
48.52,
48.53,
48.54,
48.55,
48.56,
48.57,
48.58,
48.59,
48.60,
48.61,
48.62,
48.63,
48.64,
48.65,
48.66,
48.67,
48.68,
48.69,
48.70,
48.71,
48.72,
48.73,
48.74,
48.75,
48.76,
48.77,
48.78,
48.79,
48.80,
48.81,
48.82,
48.83,
48.84,
48.85,
48.86,
48.87,
48.88,
48.89,
48.90,
48.91,
48.92,
48.93,
48.94,
48.95,
48.96,
48.97,
48.98,
48.99,
49.00,
49.01,
49.02,
49.03,
49.04,
49.05,
49.06,
49.07,
49.08,
49.09,
49.10,
49.11,
49.12,
49.13,
49.14,
49.15,
49.16,
49.17,
49.18,
49.19,
49.20,
49.21,
49.22,
49.23,
49.24,
49.25,
49.26,
49.27,
49.28,
49.29,
49.30,
49.31,
49.32,
49.33,
49.34,
49.35,
49.36,
49.37,
49.38,
49.39,
49.40,
49.41,
49.42,
49.43,
49.44,
49.45,
49.46,
49.47,
49.48,
49.49,
49.50,
49.51,
49.52,
49.53,
49.54,
49.55,
49.56,
49.57,
49.58,
49.59,
49.60,
49.61,
49.62,
49.63,
49.64,
49.65,
49.66,
49.67,
49.68,
49.69,
49.70,
49.71,
49.72,
49.73,
49.74,
49.75,
49.76,
49.77,
49.78,
49.79,
49.80,
49.81,
49.82,
49.83,
49.84,
49.85,
49.86,
49.87,
49.88,
49.89,
49.90,
49.91,
49.92,
49.93,
49.94,
49.95,
49.96,
49.97,
49.98,
49.99,
50.00,
50.01,
50.02,
50.03,
50.04,
50.05,
50.06,
50.07,
50.08,
50.09,
50.10,
50.11,
50.12,
50.13,
50.14,
50.15,
50.16,
50.17,
50.18,
50.19,
50.20,
50.21,
50.22,
50.23,
50.24,
50.25,
50.26,
50.27,
50.28,
50.29,
50.30,
50.31,
50.32,
50.33,
50.34,
50.35,
50.36,
50.37,
50.38,
50.39,
50.40,
50.41,
50.42,
50.43,
50.44,
50.45,
50.46,
50.47,
50.48,
50.49,
50.50,
50.51,
50.52,
50.53,
50.54,
50.55,
50.56,
50.57,
50.58,
50.59,
50.60,
50.61,
50.62,
50.63,
50.64,
50.65,
50.66,
50.67,
50.68,
50.69,
50.70,
50.71,
50.72,
50.73,
50.74,
50.75,
50.76,
50.77,
50.78,
50.79,
50.80,
50.81,
50.82,
50.83,
50.84,
50.85,
50.86,
50.87,
50.88,
50.89,
50.90,
50.91,
50.92,
50.93,
50.94,
50.95,
50.96,
50.97,
50.98,
50.99,
51.00,
51.01,
51.02,
51.03,
51.04,
51.05,
51.06,
51.07,
51.08,
51.09,
51.10,
51.11,
51.12,
51.13,
51.14,
51.15,
51.16,
51.17,
51.18,
51.19,
51.20,
51.21,
51.22,
51.23,
51.24,
51.25,
51.26,
51.27,
51.28,
51.29,
51.30,
51.31,
51.32,
51.33,
51.34,
51.35,
51.36,
51.37,
51.38,
51.39,
51.40,
51.41,